Time,sim_label,seed,t_stop,Ts,nT,nu,ny,n,params_A_1_1,params_A_2_1,params_A_1_2,params_A_2_2,params_B_1_1,params_B_2_1,params_B_1_2,params_B_2_2,params_C_1,params_C_2,params_D_1,params_D_2,obs_1,obs_2,obs_3,epsilon,sigma_M,sigma_wp_1,sigma_wp_2,KF1_P0_1_1,KF1_P0_2_1,KF1_P0_1_2,KF1_P0_2_2,KF1_Q_1_1,KF1_Q_2_1,KF1_Q_1_2,KF1_Q_2_2,KF1_R,KF2_P0_1_1,KF2_P0_2_1,KF2_P0_1_2,KF2_P0_2_2,KF2_Q_1_1,KF2_Q_2_1,KF2_Q_1_2,KF2_Q_2_2,KF2_R,KF3_P0_1_1,KF3_P0_2_1,KF3_P0_1_2,KF3_P0_2_2,KF3_Q_1_1,KF3_Q_2_1,KF3_Q_1_2,KF3_Q_2_2,KF3_R,RMSE_x_est_1_KF1,RMSE_x_est_2_KF1,RMSE_y_est_KF1,RMSE_x_est_1_KF2,RMSE_x_est_2_KF2,RMSE_y_est_KF2,RMSE_x_est_1_KF3,RMSE_x_est_2_KF3,RMSE_y_est_KF3
08-Jun-2022 13:33:00,rod_obs_sim1_3KF_Q_01_01,0,2500,0.5,5000,1,1,2,0.7,0,1,1,1,0,0,1,0.3,0,0,0,KF1,KF2,KF3,0.01,0.1,0.01,1,1000,0,0,1000,0.01,0,0,1e-06,0.01,1000,0,0,1000,0.01,0,0,0.01,0.01,1000,0,0,1000,0.01,0,0,0.0001,0.01,1.7212368408323,0.696678358838862,0.516371052249688,0.284493126632599,0.181959251517109,0.0853479379897799,0.578150194289083,0.27637435954029,0.173445058286725
08-Jun-2022 13:33:02,rod_obs_sim1_3KF_Q_01_02,0,2500,0.5,5000,1,1,2,0.7,0,1,1,1,0,0,1,0.3,0,0,0,KF1,KF2,KF3,0.01,0.1,0.01,1,1000,0,0,1000,0.01,0,0,0.0001,0.01,1000,0,0,1000,0.01,0,0,1,0.01,1000,0,0,1000,0.01,0,0,0.01,0.01,0.578150194289083,0.27637435954029,0.173445058286725,0.503647491888133,0.329918936513065,0.15109424756644,0.284493126632599,0.181959251517109,0.0853479379897798
08-Jun-2022 13:33:04,rod_obs_sim1_3KF_Q_01_03,0,2500,0.5,5000,1,1,2,0.7,0,1,1,1,0,0,1,0.3,0,0,0,KF1,KF2,KF3,0.01,0.1,0.01,1,1000,0,0,1000,0.01,0,0,3.16e-06,0.01,1000,0,0,1000,0.01,0,0,0.0316,0.01,1000,0,0,1000,0.01,0,0,0.000316,0.01,1.29619491883102,0.534330418099456,0.388858475649306,0.306382652840601,0.189669362395794,0.0919147958521805,0.448822921997927,0.235660529791598,0.134646876599378
08-Jun-2022 13:33:06,rod_obs_sim1_3KF_Q_01_04,0,2500,0.5,5000,1,1,2,0.7,0,1,1,1,0,0,1,0.3,0,0,0,KF1,KF2,KF3,0.01,0.1,0.01,1,1000,0,0,1000,0.01,0,0,0.00013335,0.01,1000,0,0,1000,0.01,0,0,1.3335,0.01,1000,0,0,1000,0.01,0,0,0.013335,0.01,0.542217831107665,0.264817785502931,0.1626653493323,0.519856963543754,0.343597588860769,0.155957089063126,0.286659254575378,0.182204271842024,0.0859977763726136
08-Jun-2022 13:33:08,rod_obs_sim1_3KF_Q_01_05,0,2500,0.5,5000,1,1,2,0.7,0,1,1,1,0,0,1,0.3,0,0,0,KF1,KF2,KF3,0.01,0.1,0.01,1,1000,0,0,1000,0.01,0,0,1e-05,0.01,1000,0,0,1000,0.01,0,0,0.1,0.01,1000,0,0,1000,0.01,0,0,0.001,0.01,0.979886338768033,0.416332129104911,0.29396590163041,0.358240339974467,0.218796933931796,0.10747210199234,0.355965399794565,0.207463652663588,0.10678961993837
08-Jun-2022 13:33:10,rod_obs_sim1_3KF_Q_01_06,0,2500,0.5,5000,1,1,2,0.7,0,1,1,1,0,0,1,0.3,0,0,0,KF1,KF2,KF3,0.01,0.1,0.01,1,1000,0,0,1000,0.01,0,0,0.00017783,0.01,1000,0,0,1000,0.01,0,0,1.7783,0.01,1000,0,0,1000,0.01,0,0,0.017783,0.01,0.508727133197431,0.254219976303487,0.152618139959229,0.534462344491036,0.356037583206622,0.160338703347311,0.291122363743611,0.183498749720899,0.0873367091230834
08-Jun-2022 13:33:12,rod_obs_sim1_3KF_Q_01_07,0,2500,0.5,5000,1,1,2,0.7,0,1,1,1,0,0,1,0.3,0,0,0,KF1,KF2,KF3,0.01,0.1,0.01,1,1000,0,0,1000,0.01,0,0,1.778e-05,0.01,1000,0,0,1000,0.01,0,0,0.1778,0.01,1000,0,0,1000,0.01,0,0,0.001778,0.01,0.85602666511696,0.371507705976591,0.256807999535088,0.392231651694576,0.241992040052262,0.117669495508373,0.323371013416197,0.197252262142793,0.0970113040248588
08-Jun-2022 13:33:13,rod_obs_sim1_3KF_Q_01_08,0,2500,0.5,5000,1,1,2,0.7,0,1,1,1,0,0,1,0.3,0,0,0,KF1,KF2,KF3,0.01,0.1,0.01,1,1000,0,0,1000,0.01,0,0,0.00031623,0.01,1000,0,0,1000,0.01,0,0,3.1623,0.01,1000,0,0,1000,0.01,0,0,0.031623,0.01,0.448752874187848,0.235639095961393,0.134625862256355,0.558245388611005,0.376488438384823,0.167473616583302,0.30640695685594,0.18968046402339,0.0919220870567817
08-Jun-2022 13:33:15,rod_obs_sim1_3KF_Q_01_09,0,2500,0.5,5000,1,1,2,0.7,0,1,1,1,0,0,1,0.3,0,0,0,KF1,KF2,KF3,0.01,0.1,0.01,1,1000,0,0,1000,0.01,0,0,3.162e-05,0.01,1000,0,0,1000,0.01,0,0,0.3162,0.01,1000,0,0,1000,0.01,0,0,0.003162,0.01,0.749759484507562,0.334065043509025,0.224927845352268,0.429494788403741,0.269825349488226,0.128848436521122,0.300412625942044,0.189439363833503,0.0901237877826132
08-Jun-2022 13:33:17,rod_obs_sim1_3KF_Q_01_10,0,2500,0.5,5000,1,1,2,0.7,0,1,1,1,0,0,1,0.3,0,0,0,KF1,KF2,KF3,0.01,0.1,0.01,1,1000,0,0,1000,0.01,0,0,0.001,0.01,1000,0,0,1000,0.01,0,0,10,0.01,1000,0,0,1000,0.01,0,0,0.1,0.01,0.355965399794565,0.207463652663588,0.10678961993837,0.585761745694683,0.400388829799893,0.175728523708405,0.358240339974468,0.218796933931796,0.10747210199234
08-Jun-2022 13:33:18,rod_obs_sim1_3KF_Q_01_11,0,2500,0.5,5000,1,1,2,0.7,0,1,1,1,0,0,1,0.3,0,0,0,KF1,KF2,KF3,0.01,0.1,0.01,1,1000,0,0,1000,0.01,0,0,5.623e-05,0.01,1000,0,0,1000,0.01,0,0,0.5623,0.01,1000,0,0,1000,0.01,0,0,0.005623,0.01,0.657951934712506,0.302714459753436,0.197385580413752,0.467647042174185,0.300143450793492,0.140294112652256,0.287439886989556,0.184186729440091,0.0862319660968668
08-Jun-2022 13:33:20,rod_obs_sim1_3KF_Q_01_12,0,2500,0.5,5000,1,1,2,0.7,0,1,1,1,0,0,1,0.3,0,0,0,KF1,KF2,KF3,0.01,0.1,0.01,1,1000,0,0,1000,0.01,0,0,0.00316228,0.01,1000,0,0,1000,0.01,0,0,31.6228,0.01,1000,0,0,1000,0.01,0,0,0.316228,0.01,0.300409856617093,0.189438351203205,0.0901229569851278,0.596372637593788,0.40966033426041,0.178911791278136,0.429500659226354,0.269829890431036,0.128850197767906
08-Jun-2022 13:33:22,rod_obs_sim1_3KF_Q_01_13,0,2500,0.5,5000,1,1,2,0.7,0,1,1,1,0,0,1,0.3,0,0,0,KF1,KF2,KF3,0.01,0.1,0.01,1,1000,0,0,1000,0.01,0,0,7.499e-05,0.01,1000,0,0,1000,0.01,0,0,0.7499,0.01,1000,0,0,1000,0.01,0,0,0.007499,0.01,0.616664124431876,0.288973250083896,0.184999237329563,0.486122650627479,0.315308205152775,0.145836795188244,0.284728281117421,0.182653516369645,0.0854184843352263
08-Jun-2022 13:33:23,rod_obs_sim1_3KF_Q_01_14,0,2500,0.5,5000,1,1,2,0.7,0,1,1,1,0,0,1,0.3,0,0,0,KF1,KF2,KF3,0.01,0.1,0.01,1,1000,0,0,1000,0.01,0,0,0.01,0.01,1000,0,0,1000,0.01,0,0,100,0.01,1000,0,0,1000,0.01,0,0,1,0.01,0.284493126632599,0.181959251517109,0.0853479379897799,0.599975138099038,0.412814070390765,0.179992541429712,0.503647491888133,0.329918936513065,0.15109424756644
08-Jun-2022 13:33:25,rod_obs_sim1_3KF_Q_02_01,1,2500,0.5,5000,1,1,2,0.7,0,1,1,1,0,0,1,0.3,0,0,0,KF1,KF2,KF3,0.01,0.1,0.01,1,1000,0,0,1000,0.01,0,0,1e-06,0.01,1000,0,0,1000,0.01,0,0,0.01,0.01,1000,0,0,1000,0.01,0,0,0.0001,0.01,2.42283878290383,0.980138022656234,0.726851634871148,0.308309411001273,0.208225201234461,0.0924928233003819,0.730955488524948,0.349769600986066,0.219286646557484
08-Jun-2022 13:33:27,rod_obs_sim1_3KF_Q_02_02,1,2500,0.5,5000,1,1,2,0.7,0,1,1,1,0,0,1,0.3,0,0,0,KF1,KF2,KF3,0.01,0.1,0.01,1,1000,0,0,1000,0.01,0,0,0.0001,0.01,1000,0,0,1000,0.01,0,0,1,0.01,1000,0,0,1000,0.01,0,0,0.01,0.01,0.730955488524948,0.349769600986066,0.219286646557484,0.523198731229262,0.350815946468042,0.156959619368779,0.308309411001273,0.208225201234461,0.0924928233003819
08-Jun-2022 13:33:28,rod_obs_sim1_3KF_Q_02_03,1,2500,0.5,5000,1,1,2,0.7,0,1,1,1,0,0,1,0.3,0,0,0,KF1,KF2,KF3,0.01,0.1,0.01,1,1000,0,0,1000,0.01,0,0,3.16e-06,0.01,1000,0,0,1000,0.01,0,0,0.0316,0.01,1000,0,0,1000,0.01,0,0,0.000316,0.01,1.8617856761518,0.765892356227911,0.55853570284554,0.321489368692509,0.212332874656633,0.0964468106077529,0.543466277082022,0.287295953883505,0.163039883124606
08-Jun-2022 13:33:30,rod_obs_sim1_3KF_Q_02_04,1,2500,0.5,5000,1,1,2,0.7,0,1,1,1,0,0,1,0.3,0,0,0,KF1,KF2,KF3,0.01,0.1,0.01,1,1000,0,0,1000,0.01,0,0,0.00013335,0.01,1000,0,0,1000,0.01,0,0,1.3335,0.01,1000,0,0,1000,0.01,0,0,0.013335,0.01,0.677619012785072,0.331676872886458,0.203285703835522,0.540616140088543,0.365060994407415,0.162184842026563,0.307757305027883,0.207506783799204,0.0923271915083651
08-Jun-2022 13:33:31,rod_obs_sim1_3KF_Q_02_05,1,2500,0.5,5000,1,1,2,0.7,0,1,1,1,0,0,1,0.3,0,0,0,KF1,KF2,KF3,0.01,0.1,0.01,1,1000,0,0,1000,0.01,0,0,1e-05,0.01,1000,0,0,1000,0.01,0,0,0.1,0.01,1000,0,0,1000,0.01,0,0,0.001,0.01,1.36893968266551,0.579869520026842,0.410681904799652,0.370514834428425,0.23867346610264,0.111154450328527,0.415903547279534,0.246277371613369,0.12477106418386
08-Jun-2022 13:33:33,rod_obs_sim1_3KF_Q_02_06,1,2500,0.5,5000,1,1,2,0.7,0,1,1,1,0,0,1,0.3,0,0,0,KF1,KF2,KF3,0.01,0.1,0.01,1,1000,0,0,1000,0.01,0,0,0.00017783,0.01,1000,0,0,1000,0.01,0,0,1.7783,0.01,1000,0,0,1000,0.01,0,0,0.017783,0.01,0.628748811042187,0.315319751379761,0.188624643312656,0.55632797022478,0.378053731267333,0.166898391067434,0.309856767182143,0.207886571127683,0.0929570301546427
08-Jun-2022 13:33:34,rod_obs_sim1_3KF_Q_02_07,1,2500,0.5,5000,1,1,2,0.7,0,1,1,1,0,0,1,0.3,0,0,0,KF1,KF2,KF3,0.01,0.1,0.01,1,1000,0,0,1000,0.01,0,0,1.778e-05,0.01,1000,0,0,1000,0.01,0,0,0.1778,0.01,1000,0,0,1000,0.01,0,0,0.001778,0.01,1.1674764217153,0.505217302370948,0.35024292651459,0.405147345747655,0.261197094805981,0.121544203724296,0.371329343680062,0.231736165255421,0.111398803104019
08-Jun-2022 13:33:36,rod_obs_sim1_3KF_Q_02_08,1,2500,0.5,5000,1,1,2,0.7,0,1,1,1,0,0,1,0.3,0,0,0,KF1,KF2,KF3,0.01,0.1,0.01,1,1000,0,0,1000,0.01,0,0,0.00031623,0.01,1000,0,0,1000,0.01,0,0,3.1623,0.01,1000,0,0,1000,0.01,0,0,0.031623,0.01,0.543368145889841,0.287264077899572,0.163010443766952,0.581934465447111,0.399475164655133,0.174580339634133,0.321510020153735,0.212341878715369,0.0964530060461205
08-Jun-2022 13:33:38,rod_obs_sim1_3KF_Q_02_09,1,2500,0.5,5000,1,1,2,0.7,0,1,1,1,0,0,1,0.3,0,0,0,KF1,KF2,KF3,0.01,0.1,0.01,1,1000,0,0,1000,0.01,0,0,3.162e-05,0.01,1000,0,0,1000,0.01,0,0,0.3162,0.01,1000,0,0,1000,0.01,0,0,0.003162,0.01,0.996502161329673,0.443033833618799,0.298950648398901,0.444117978883749,0.289045130264987,0.133235393665124,0.338672438739973,0.220535374450379,0.101601731621992
08-Jun-2022 13:33:39,rod_obs_sim1_3KF_Q_02_10,1,2500,0.5,5000,1,1,2,0.7,0,1,1,1,0,0,1,0.3,0,0,0,KF1,KF2,KF3,0.01,0.1,0.01,1,1000,0,0,1000,0.01,0,0,0.001,0.01,1000,0,0,1000,0.01,0,0,10,0.01,1000,0,0,1000,0.01,0,0,0.1,0.01,0.415903547279534,0.246277371613369,0.12477106418386,0.611573292614173,0.424583512379123,0.183471987784252,0.370514834428425,0.23867346610264,0.111154450328527
08-Jun-2022 13:33:41,rod_obs_sim1_3KF_Q_02_11,1,2500,0.5,5000,1,1,2,0.7,0,1,1,1,0,0,1,0.3,0,0,0,KF1,KF2,KF3,0.01,0.1,0.01,1,1000,0,0,1000,0.01,0,0,5.623e-05,0.01,1000,0,0,1000,0.01,0,0,0.5623,0.01,1000,0,0,1000,0.01,0,0,0.005623,0.01,0.852421213447608,0.391829332457213,0.255726364034283,0.484641942047882,0.320006668207165,0.145392582614365,0.317744204752987,0.212617234718845,0.0953232614258962
08-Jun-2022 13:33:42,rod_obs_sim1_3KF_Q_02_12,1,2500,0.5,5000,1,1,2,0.7,0,1,1,1,0,0,1,0.3,0,0,0,KF1,KF2,KF3,0.01,0.1,0.01,1,1000,0,0,1000,0.01,0,0,0.00316228,0.01,1000,0,0,1000,0.01,0,0,31.6228,0.01,1000,0,0,1000,0.01,0,0,0.316228,0.01,0.338668321979485,0.220533901742033,0.101600496593846,0.62300211627708,0.434339855532629,0.186900634883124,0.444124175284919,0.289049726003716,0.133237252585476
08-Jun-2022 13:33:44,rod_obs_sim1_3KF_Q_02_13,1,2500,0.5,5000,1,1,2,0.7,0,1,1,1,0,0,1,0.3,0,0,0,KF1,KF2,KF3,0.01,0.1,0.01,1,1000,0,0,1000,0.01,0,0,7.499e-05,0.01,1000,0,0,1000,0.01,0,0,0.7499,0.01,1000,0,0,1000,0.01,0,0,0.007499,0.01,0.789088193288896,0.369758248375129,0.236726457986669,0.50440251924967,0.335658882035843,0.1513207557749,0.311612465747056,0.209953191421465,0.0934837397241168
08-Jun-2022 13:33:46,rod_obs_sim1_3KF_Q_02_14,1,2500,0.5,5000,1,1,2,0.7,0,1,1,1,0,0,1,0.3,0,0,0,KF1,KF2,KF3,0.01,0.1,0.01,1,1000,0,0,1000,0.01,0,0,0.01,0.01,1000,0,0,1000,0.01,0,0,100,0.01,1000,0,0,1000,0.01,0,0,1,0.01,0.308309411001273,0.208225201234461,0.0924928233003819,0.626881970589367,0.43766022405466,0.18806459117681,0.523198731229262,0.350815946468042,0.156959619368779
08-Jun-2022 13:33:47,rod_obs_sim1_3KF_Q_03_01,2,2500,0.5,5000,1,1,2,0.7,0,1,1,1,0,0,1,0.3,0,0,0,KF1,KF2,KF3,0.01,0.1,0.01,1,1000,0,0,1000,0.01,0,0,1e-06,0.01,1000,0,0,1000,0.01,0,0,0.01,0.01,1000,0,0,1000,0.01,0,0,0.0001,0.01,2.37492801856519,0.95981369961898,0.712478405569556,0.300475820614973,0.205437321440343,0.0901427461844918,0.731135484564395,0.349363429688481,0.219340645369319
08-Jun-2022 13:33:49,rod_obs_sim1_3KF_Q_03_02,2,2500,0.5,5000,1,1,2,0.7,0,1,1,1,0,0,1,0.3,0,0,0,KF1,KF2,KF3,0.01,0.1,0.01,1,1000,0,0,1000,0.01,0,0,0.0001,0.01,1000,0,0,1000,0.01,0,0,1,0.01,1000,0,0,1000,0.01,0,0,0.01,0.01,0.731135484564395,0.349363429688481,0.219340645369319,0.509349741917813,0.34071831515733,0.152804922575344,0.300475820614973,0.205437321440343,0.0901427461844918
08-Jun-2022 13:33:50,rod_obs_sim1_3KF_Q_03_03,2,2500,0.5,5000,1,1,2,0.7,0,1,1,1,0,0,1,0.3,0,0,0,KF1,KF2,KF3,0.01,0.1,0.01,1,1000,0,0,1000,0.01,0,0,3.16e-06,0.01,1000,0,0,1000,0.01,0,0,0.0316,0.01,1000,0,0,1000,0.01,0,0,0.000316,0.01,1.75626005651817,0.722438104019306,0.52687801695545,0.31415011865182,0.208629814329238,0.094245035595546,0.54837909397694,0.289239215329152,0.164513728193082
08-Jun-2022 13:33:52,rod_obs_sim1_3KF_Q_03_04,2,2500,0.5,5000,1,1,2,0.7,0,1,1,1,0,0,1,0.3,0,0,0,KF1,KF2,KF3,0.01,0.1,0.01,1,1000,0,0,1000,0.01,0,0,0.00013335,0.01,1000,0,0,1000,0.01,0,0,1.3335,0.01,1000,0,0,1000,0.01,0,0,0.013335,0.01,0.68035047811838,0.332400882624565,0.204105143435514,0.525873236444914,0.354300348234735,0.157761970933474,0.299922824805837,0.204472697946077,0.0899768474417512
08-Jun-2022 13:33:54,rod_obs_sim1_3KF_Q_03_05,2,2500,0.5,5000,1,1,2,0.7,0,1,1,1,0,0,1,0.3,0,0,0,KF1,KF2,KF3,0.01,0.1,0.01,1,1000,0,0,1000,0.01,0,0,1e-05,0.01,1000,0,0,1000,0.01,0,0,0.1,0.01,1000,0,0,1000,0.01,0,0,0.001,0.01,1.29984997486,0.550998191699645,0.389954992458001,0.362964164485283,0.233717128438663,0.108889249345585,0.416093074012945,0.246856311107618,0.124827922203884
08-Jun-2022 13:33:55,rod_obs_sim1_3KF_Q_03_06,2,2500,0.5,5000,1,1,2,0.7,0,1,1,1,0,0,1,0.3,0,0,0,KF1,KF2,KF3,0.01,0.1,0.01,1,1000,0,0,1000,0.01,0,0,0.00017783,0.01,1000,0,0,1000,0.01,0,0,1.7783,0.01,1000,0,0,1000,0.01,0,0,0.017783,0.01,0.633034912032331,0.316777366916468,0.189910473609699,0.540765913273052,0.366686631713522,0.162229773981915,0.302146272700429,0.204625850298357,0.0906438818101287
08-Jun-2022 13:33:57,rod_obs_sim1_3KF_Q_03_07,2,2500,0.5,5000,1,1,2,0.7,0,1,1,1,0,0,1,0.3,0,0,0,KF1,KF2,KF3,0.01,0.1,0.01,1,1000,0,0,1000,0.01,0,0,1.778e-05,0.01,1000,0,0,1000,0.01,0,0,0.1778,0.01,1000,0,0,1000,0.01,0,0,0.001778,0.01,1.12401186079843,0.486730512132579,0.33720355823953,0.396597206399231,0.255231021572128,0.118979161919769,0.368346442619484,0.231269992069748,0.110503932785845
08-Jun-2022 13:33:58,rod_obs_sim1_3KF_Q_03_08,2,2500,0.5,5000,1,1,2,0.7,0,1,1,1,0,0,1,0.3,0,0,0,KF1,KF2,KF3,0.01,0.1,0.01,1,1000,0,0,1000,0.01,0,0,0.00031623,0.01,1000,0,0,1000,0.01,0,0,3.1623,0.01,1000,0,0,1000,0.01,0,0,0.031623,0.01,0.548280006387597,0.2892072673418,0.164484001916279,0.565016086997287,0.387103734255574,0.169504826099186,0.314171191705666,0.208638233074722,0.0942513575117
08-Jun-2022 13:34:00,rod_obs_sim1_3KF_Q_03_09,2,2500,0.5,5000,1,1,2,0.7,0,1,1,1,0,0,1,0.3,0,0,0,KF1,KF2,KF3,0.01,0.1,0.01,1,1000,0,0,1000,0.01,0,0,3.162e-05,0.01,1000,0,0,1000,0.01,0,0,0.3162,0.01,1000,0,0,1000,0.01,0,0,0.003162,0.01,0.973774316323488,0.433034261694196,0.292132294897046,0.434033417424255,0.281805618521747,0.130210025227276,0.333071326350686,0.219113363671186,0.0999213979052055
08-Jun-2022 13:34:02,rod_obs_sim1_3KF_Q_03_10,2,2500,0.5,5000,1,1,2,0.7,0,1,1,1,0,0,1,0.3,0,0,0,KF1,KF2,KF3,0.01,0.1,0.01,1,1000,0,0,1000,0.01,0,0,0.001,0.01,1000,0,0,1000,0.01,0,0,10,0.01,1000,0,0,1000,0.01,0,0,0.1,0.01,0.416093074012945,0.246856311107618,0.124827922203884,0.593058518727197,0.41102609613388,0.17791755561816,0.362964164485282,0.233717128438663,0.108889249345585
08-Jun-2022 13:34:03,rod_obs_sim1_3KF_Q_03_11,2,2500,0.5,5000,1,1,2,0.7,0,1,1,1,0,0,1,0.3,0,0,0,KF1,KF2,KF3,0.01,0.1,0.01,1,1000,0,0,1000,0.01,0,0,5.623e-05,0.01,1000,0,0,1000,0.01,0,0,0.5623,0.01,1000,0,0,1000,0.01,0,0,0.005623,0.01,0.843982134849208,0.387758750866219,0.253194640454763,0.472702576578085,0.311337832959219,0.141810772973425,0.310512395131323,0.21042188210871,0.0931537185393969
08-Jun-2022 13:34:05,rod_obs_sim1_3KF_Q_03_12,2,2500,0.5,5000,1,1,2,0.7,0,1,1,1,0,0,1,0.3,0,0,0,KF1,KF2,KF3,0.01,0.1,0.01,1,1000,0,0,1000,0.01,0,0,0.00316228,0.01,1000,0,0,1000,0.01,0,0,31.6228,0.01,1000,0,0,1000,0.01,0,0,0.316228,0.01,0.333066876595285,0.219111756965745,0.0999200629785856,0.603865466027618,0.420318562773201,0.181159639808285,0.434039346717387,0.281810002796684,0.130211804015217
08-Jun-2022 13:34:06,rod_obs_sim1_3KF_Q_03_13,2,2500,0.5,5000,1,1,2,0.7,0,1,1,1,0,0,1,0.3,0,0,0,KF1,KF2,KF3,0.01,0.1,0.01,1,1000,0,0,1000,0.01,0,0,7.499e-05,0.01,1000,0,0,1000,0.01,0,0,0.7499,0.01,1000,0,0,1000,0.01,0,0,0.007499,0.01,0.785592212311573,0.36777312738038,0.235677663693472,0.491498058229357,0.3262649442488,0.147449417468807,0.30396361310836,0.20744179927892,0.0911890839325081
08-Jun-2022 13:34:08,rod_obs_sim1_3KF_Q_03_14,2,2500,0.5,5000,1,1,2,0.7,0,1,1,1,0,0,1,0.3,0,0,0,KF1,KF2,KF3,0.01,0.1,0.01,1,1000,0,0,1000,0.01,0,0,0.01,0.01,1000,0,0,1000,0.01,0,0,100,0.01,1000,0,0,1000,0.01,0,0,1,0.01,0.300475820614973,0.205437321440343,0.0901427461844918,0.607533490916997,0.423480631723338,0.182260047275099,0.509349741917813,0.34071831515733,0.152804922575344
08-Jun-2022 13:34:10,rod_obs_sim1_3KF_Q_04_01,3,2500,0.5,5000,1,1,2,0.7,0,1,1,1,0,0,1,0.3,0,0,0,KF1,KF2,KF3,0.01,0.1,0.01,1,1000,0,0,1000,0.01,0,0,1e-06,0.01,1000,0,0,1000,0.01,0,0,0.01,0.01,1000,0,0,1000,0.01,0,0,0.0001,0.01,2.15307238116939,0.869131199403824,0.645921714350818,0.297551971312724,0.191642302675887,0.0892655913938172,0.643319134615298,0.306073645500287,0.192995740384589
08-Jun-2022 13:34:11,rod_obs_sim1_3KF_Q_04_02,3,2500,0.5,5000,1,1,2,0.7,0,1,1,1,0,0,1,0.3,0,0,0,KF1,KF2,KF3,0.01,0.1,0.01,1,1000,0,0,1000,0.01,0,0,0.0001,0.01,1000,0,0,1000,0.01,0,0,1,0.01,1000,0,0,1000,0.01,0,0,0.01,0.01,0.643319134615298,0.306073645500287,0.192995740384589,0.522299524285214,0.345198081467904,0.156689857285564,0.297551971312724,0.191642302675887,0.0892655913938172
08-Jun-2022 13:34:13,rod_obs_sim1_3KF_Q_04_03,3,2500,0.5,5000,1,1,2,0.7,0,1,1,1,0,0,1,0.3,0,0,0,KF1,KF2,KF3,0.01,0.1,0.01,1,1000,0,0,1000,0.01,0,0,3.16e-06,0.01,1000,0,0,1000,0.01,0,0,0.0316,0.01,1000,0,0,1000,0.01,0,0,0.000316,0.01,1.60543838082457,0.658945587736543,0.481631514247372,0.318079755533468,0.1995437092293,0.0954239266600405,0.484558772182396,0.253901449217434,0.145367631654719
08-Jun-2022 13:34:14,rod_obs_sim1_3KF_Q_04_04,3,2500,0.5,5000,1,1,2,0.7,0,1,1,1,0,0,1,0.3,0,0,0,KF1,KF2,KF3,0.01,0.1,0.01,1,1000,0,0,1000,0.01,0,0,0.00013335,0.01,1000,0,0,1000,0.01,0,0,1.3335,0.01,1000,0,0,1000,0.01,0,0,0.013335,0.01,0.597838382140447,0.290794767067492,0.179351514642134,0.539277947671152,0.359449138760791,0.161783384301346,0.299225559337597,0.1918716178248,0.0897676678012794
08-Jun-2022 13:34:16,rod_obs_sim1_3KF_Q_04_05,3,2500,0.5,5000,1,1,2,0.7,0,1,1,1,0,0,1,0.3,0,0,0,KF1,KF2,KF3,0.01,0.1,0.01,1,1000,0,0,1000,0.01,0,0,1e-05,0.01,1000,0,0,1000,0.01,0,0,0.1,0.01,1000,0,0,1000,0.01,0,0,0.001,0.01,1.18805501213231,0.501733898098671,0.356416503639692,0.3705936209904,0.229611675243718,0.11117808629712,0.378085409938045,0.220326304471815,0.113425622981413
08-Jun-2022 13:34:18,rod_obs_sim1_3KF_Q_04_06,3,2500,0.5,5000,1,1,2,0.7,0,1,1,1,0,0,1,0.3,0,0,0,KF1,KF2,KF3,0.01,0.1,0.01,1,1000,0,0,1000,0.01,0,0,0.00017783,0.01,1000,0,0,1000,0.01,0,0,1.7783,0.01,1000,0,0,1000,0.01,0,0,0.017783,0.01,0.556401601729039,0.277103503097632,0.166920480518712,0.554561266466716,0.372402879921502,0.166368379940015,0.303287839868185,0.193194174747793,0.0909863519604555
08-Jun-2022 13:34:19,rod_obs_sim1_3KF_Q_04_07,3,2500,0.5,5000,1,1,2,0.7,0,1,1,1,0,0,1,0.3,0,0,0,KF1,KF2,KF3,0.01,0.1,0.01,1,1000,0,0,1000,0.01,0,0,1.778e-05,0.01,1000,0,0,1000,0.01,0,0,0.1778,0.01,1000,0,0,1000,0.01,0,0,0.001778,0.01,1.01834924119657,0.439090637970391,0.305504772358972,0.405734760217309,0.253647692636921,0.121720428065193,0.34179051201635,0.208602251025858,0.102537153604905
08-Jun-2022 13:34:21,rod_obs_sim1_3KF_Q_04_08,3,2500,0.5,5000,1,1,2,0.7,0,1,1,1,0,0,1,0.3,0,0,0,KF1,KF2,KF3,0.01,0.1,0.01,1,1000,0,0,1000,0.01,0,0,0.00031623,0.01,1000,0,0,1000,0.01,0,0,3.1623,0.01,1000,0,0,1000,0.01,0,0,0.031623,0.01,0.484476378232658,0.253875209272317,0.145342913469798,0.57941049285806,0.393679641901109,0.173823147857418,0.318103780875437,0.199555144625478,0.0954311342626311
08-Jun-2022 13:34:22,rod_obs_sim1_3KF_Q_04_09,3,2500,0.5,5000,1,1,2,0.7,0,1,1,1,0,0,1,0.3,0,0,0,KF1,KF2,KF3,0.01,0.1,0.01,1,1000,0,0,1000,0.01,0,0,3.162e-05,0.01,1000,0,0,1000,0.01,0,0,0.3162,0.01,1000,0,0,1000,0.01,0,0,0.003162,0.01,0.872044891564423,0.386052383706876,0.261613467469327,0.444592666274599,0.282580855220616,0.13337779988238,0.316383482269887,0.199833124586113,0.0949150446809661
08-Jun-2022 13:34:24,rod_obs_sim1_3KF_Q_04_10,3,2500,0.5,5000,1,1,2,0.7,0,1,1,1,0,0,1,0.3,0,0,0,KF1,KF2,KF3,0.01,0.1,0.01,1,1000,0,0,1000,0.01,0,0,0.001,0.01,1000,0,0,1000,0.01,0,0,10,0.01,1000,0,0,1000,0.01,0,0,0.1,0.01,0.378085409938045,0.220326304471815,0.113425622981413,0.60809316671631,0.418509534894567,0.182427950014893,0.3705936209904,0.229611675243718,0.11117808629712
08-Jun-2022 13:34:26,rod_obs_sim1_3KF_Q_04_11,3,2500,0.5,5000,1,1,2,0.7,0,1,1,1,0,0,1,0.3,0,0,0,KF1,KF2,KF3,0.01,0.1,0.01,1,1000,0,0,1000,0.01,0,0,5.623e-05,0.01,1000,0,0,1000,0.01,0,0,0.5623,0.01,1000,0,0,1000,0.01,0,0,0.005623,0.01,0.747725825886408,0.342016662818449,0.224317747765923,0.484557425868678,0.314163710701401,0.145367227760604,0.301735829264118,0.194067333774639,0.0905207487792355
08-Jun-2022 13:34:27,rod_obs_sim1_3KF_Q_04_12,3,2500,0.5,5000,1,1,2,0.7,0,1,1,1,0,0,1,0.3,0,0,0,KF1,KF2,KF3,0.01,0.1,0.01,1,1000,0,0,1000,0.01,0,0,0.00316228,0.01,1000,0,0,1000,0.01,0,0,31.6228,0.01,1000,0,0,1000,0.01,0,0,0.316228,0.01,0.316380407010005,0.199832002106263,0.0949141221030013,0.619133190047126,0.428130050886334,0.185739957014138,0.444598806382488,0.282585581713113,0.133379641914746
08-Jun-2022 13:34:29,rod_obs_sim1_3KF_Q_04_13,3,2500,0.5,5000,1,1,2,0.7,0,1,1,1,0,0,1,0.3,0,0,0,KF1,KF2,KF3,0.01,0.1,0.01,1,1000,0,0,1000,0.01,0,0,7.499e-05,0.01,1000,0,0,1000,0.01,0,0,0.7499,0.01,1000,0,0,1000,0.01,0,0,0.007499,0.01,0.693170886082251,0.323096621084177,0.207951265824675,0.503929717536654,0.329970396917122,0.151178915260996,0.298362574159982,0.192403631442883,0.0895087722479946
08-Jun-2022 13:34:30,rod_obs_sim1_3KF_Q_04_14,3,2500,0.5,5000,1,1,2,0.7,0,1,1,1,0,0,1,0.3,0,0,0,KF1,KF2,KF3,0.01,0.1,0.01,1,1000,0,0,1000,0.01,0,0,0.01,0.01,1000,0,0,1000,0.01,0,0,100,0.01,1000,0,0,1000,0.01,0,0,1,0.01,0.297551971312724,0.191642302675887,0.0892655913938172,0.622878718418869,0.431400959766036,0.186863615525661,0.522299524285214,0.345198081467904,0.156689857285564
08-Jun-2022 13:34:32,rod_obs_sim1_3KF_Q_05_01,4,2500,0.5,5000,1,1,2,0.7,0,1,1,1,0,0,1,0.3,0,0,0,KF1,KF2,KF3,0.01,0.1,0.01,1,1000,0,0,1000,0.01,0,0,1e-06,0.01,1000,0,0,1000,0.01,0,0,0.01,0.01,1000,0,0,1000,0.01,0,0,0.0001,0.01,2.42298952590455,0.978547051614907,0.726896857771365,0.28835804847116,0.19174331974238,0.0865074145413478,0.702990922463405,0.335632713656364,0.210897276739022
08-Jun-2022 13:34:34,rod_obs_sim1_3KF_Q_05_02,4,2500,0.5,5000,1,1,2,0.7,0,1,1,1,0,0,1,0.3,0,0,0,KF1,KF2,KF3,0.01,0.1,0.01,1,1000,0,0,1000,0.01,0,0,0.0001,0.01,1000,0,0,1000,0.01,0,0,1,0.01,1000,0,0,1000,0.01,0,0,0.01,0.01,0.702990922463405,0.335632713656364,0.210897276739022,0.514905871594205,0.34231448212502,0.154471761478262,0.28835804847116,0.19174331974238,0.0865074145413478
08-Jun-2022 13:34:35,rod_obs_sim1_3KF_Q_05_03,4,2500,0.5,5000,1,1,2,0.7,0,1,1,1,0,0,1,0.3,0,0,0,KF1,KF2,KF3,0.01,0.1,0.01,1,1000,0,0,1000,0.01,0,0,3.16e-06,0.01,1000,0,0,1000,0.01,0,0,0.0316,0.01,1000,0,0,1000,0.01,0,0,0.000316,0.01,1.77733495083953,0.730542060055877,0.533200485251861,0.308343951411333,0.198785003718694,0.0925031854234,0.51419409411269,0.271285458426256,0.154258228233807
08-Jun-2022 13:34:37,rod_obs_sim1_3KF_Q_05_04,4,2500,0.5,5000,1,1,2,0.7,0,1,1,1,0,0,1,0.3,0,0,0,KF1,KF2,KF3,0.01,0.1,0.01,1,1000,0,0,1000,0.01,0,0,0.00013335,0.01,1000,0,0,1000,0.01,0,0,1.3335,0.01,1000,0,0,1000,0.01,0,0,0.013335,0.01,0.649529608379331,0.317183678012242,0.194858882513799,0.531978158631533,0.356428282022352,0.15959344758946,0.289621254466378,0.191649602258852,0.0868863763399135
08-Jun-2022 13:34:39,rod_obs_sim1_3KF_Q_05_05,4,2500,0.5,5000,1,1,2,0.7,0,1,1,1,0,0,1,0.3,0,0,0,KF1,KF2,KF3,0.01,0.1,0.01,1,1000,0,0,1000,0.01,0,0,1e-05,0.01,1000,0,0,1000,0.01,0,0,0.1,0.01,1000,0,0,1000,0.01,0,0,0.001,0.01,1.31349949497887,0.556013771599456,0.39404984849366,0.361738315859421,0.228311820030207,0.108521494757826,0.386100688652545,0.228522372167376,0.115830206595763
08-Jun-2022 13:34:40,rod_obs_sim1_3KF_Q_05_06,4,2500,0.5,5000,1,1,2,0.7,0,1,1,1,0,0,1,0.3,0,0,0,KF1,KF2,KF3,0.01,0.1,0.01,1,1000,0,0,1000,0.01,0,0,0.00017783,0.01,1000,0,0,1000,0.01,0,0,1.7783,0.01,1000,0,0,1000,0.01,0,0,0.017783,0.01,0.600337698994473,0.300367382343067,0.180101309698342,0.547343040513075,0.369269655214859,0.164202912153923,0.293492601914535,0.192738807032591,0.0880477805743606
08-Jun-2022 13:34:42,rod_obs_sim1_3KF_Q_05_07,4,2500,0.5,5000,1,1,2,0.7,0,1,1,1,0,0,1,0.3,0,0,0,KF1,KF2,KF3,0.01,0.1,0.01,1,1000,0,0,1000,0.01,0,0,1.778e-05,0.01,1000,0,0,1000,0.01,0,0,0.1778,0.01,1000,0,0,1000,0.01,0,0,0.001778,0.01,1.12641364617897,0.486987087554008,0.337924093853691,0.397376514466101,0.251965644034209,0.11921295433983,0.342651205046352,0.213653911196371,0.102795361513906
08-Jun-2022 13:34:43,rod_obs_sim1_3KF_Q_05_08,4,2500,0.5,5000,1,1,2,0.7,0,1,1,1,0,0,1,0.3,0,0,0,KF1,KF2,KF3,0.01,0.1,0.01,1,1000,0,0,1000,0.01,0,0,0.00031623,0.01,1000,0,0,1000,0.01,0,0,3.1623,0.01,1000,0,0,1000,0.01,0,0,0.031623,0.01,0.514094892888564,0.271252217384455,0.154228467866569,0.572322220084224,0.39038682171507,0.171696666025267,0.308368309537885,0.198796128318892,0.0925104928613655
08-Jun-2022 13:34:45,rod_obs_sim1_3KF_Q_05_09,4,2500,0.5,5000,1,1,2,0.7,0,1,1,1,0,0,1,0.3,0,0,0,KF1,KF2,KF3,0.01,0.1,0.01,1,1000,0,0,1000,0.01,0,0,3.162e-05,0.01,1000,0,0,1000,0.01,0,0,0.3162,0.01,1000,0,0,1000,0.01,0,0,0.003162,0.01,0.963938802933387,0.427963553157801,0.289181640880017,0.43665140999923,0.280465907387292,0.130995422999769,0.312161211652744,0.20256006442516,0.0936483634958232
08-Jun-2022 13:34:47,rod_obs_sim1_3KF_Q_05_10,4,2500,0.5,5000,1,1,2,0.7,0,1,1,1,0,0,1,0.3,0,0,0,KF1,KF2,KF3,0.01,0.1,0.01,1,1000,0,0,1000,0.01,0,0,0.001,0.01,1000,0,0,1000,0.01,0,0,10,0.01,1000,0,0,1000,0.01,0,0,0.1,0.01,0.386100688652545,0.228522372167376,0.115830206595763,0.601154713981332,0.415067686121149,0.1803464141944,0.361738315859421,0.228311820030207,0.108521494757826
08-Jun-2022 13:34:48,rod_obs_sim1_3KF_Q_05_11,4,2500,0.5,5000,1,1,2,0.7,0,1,1,1,0,0,1,0.3,0,0,0,KF1,KF2,KF3,0.01,0.1,0.01,1,1000,0,0,1000,0.01,0,0,5.623e-05,0.01,1000,0,0,1000,0.01,0,0,0.5623,0.01,1000,0,0,1000,0.01,0,0,0.005623,0.01,0.82357584283794,0.377863355165112,0.247072752851382,0.476930952927492,0.311628491338366,0.143079285878247,0.294259107538314,0.195178878777599,0.088277732261494
08-Jun-2022 13:34:50,rod_obs_sim1_3KF_Q_05_12,4,2500,0.5,5000,1,1,2,0.7,0,1,1,1,0,0,1,0.3,0,0,0,KF1,KF2,KF3,0.01,0.1,0.01,1,1000,0,0,1000,0.01,0,0,0.00316228,0.01,1000,0,0,1000,0.01,0,0,31.6228,0.01,1000,0,0,1000,0.01,0,0,0.316228,0.01,0.312157501264852,0.202558641407686,0.0936472503794556,0.612252953517898,0.424640533648149,0.183675886055369,0.436657606221456,0.280470566511872,0.130997281866437
08-Jun-2022 13:34:52,rod_obs_sim1_3KF_Q_05_13,4,2500,0.5,5000,1,1,2,0.7,0,1,1,1,0,0,1,0.3,0,0,0,KF1,KF2,KF3,0.01,0.1,0.01,1,1000,0,0,1000,0.01,0,0,7.499e-05,0.01,1000,0,0,1000,0.01,0,0,0.7499,0.01,1000,0,0,1000,0.01,0,0,0.007499,0.01,0.76092714577542,0.355820604418071,0.228278143732626,0.496428114330188,0.327249338823466,0.148928434299056,0.289858531105973,0.192942114921077,0.0869575593317918
08-Jun-2022 13:34:53,rod_obs_sim1_3KF_Q_05_14,4,2500,0.5,5000,1,1,2,0.7,0,1,1,1,0,0,1,0.3,0,0,0,KF1,KF2,KF3,0.01,0.1,0.01,1,1000,0,0,1000,0.01,0,0,0.01,0.01,1000,0,0,1000,0.01,0,0,100,0.01,1000,0,0,1000,0.01,0,0,1,0.01,0.28835804847116,0.19174331974238,0.0865074145413478,0.61601832715083,0.427896449573451,0.184805498145249,0.514905871594205,0.34231448212502,0.154471761478261
08-Jun-2022 13:34:55,rod_obs_sim1_3KF_Q_06_01,5,2500,0.5,5000,1,1,2,0.7,0,1,1,1,0,0,1,0.3,0,0,0,KF1,KF2,KF3,0.01,0.1,0.01,1,1000,0,0,1000,0.01,0,0,1e-06,0.01,1000,0,0,1000,0.01,0,0,0.01,0.01,1000,0,0,1000,0.01,0,0,0.0001,0.01,2.07249493759991,0.839147438786487,0.621748481279972,0.294875581816278,0.194323895026168,0.0884626745448833,0.674023970262927,0.321996886992996,0.202207191078878
08-Jun-2022 13:34:56,rod_obs_sim1_3KF_Q_06_02,5,2500,0.5,5000,1,1,2,0.7,0,1,1,1,0,0,1,0.3,0,0,0,KF1,KF2,KF3,0.01,0.1,0.01,1,1000,0,0,1000,0.01,0,0,0.0001,0.01,1000,0,0,1000,0.01,0,0,1,0.01,1000,0,0,1000,0.01,0,0,0.01,0.01,0.674023970262927,0.321996886992996,0.202207191078878,0.518504275493108,0.342948347931791,0.155551282647932,0.294875581816278,0.194323895026168,0.0884626745448833
08-Jun-2022 13:34:58,rod_obs_sim1_3KF_Q_06_03,5,2500,0.5,5000,1,1,2,0.7,0,1,1,1,0,0,1,0.3,0,0,0,KF1,KF2,KF3,0.01,0.1,0.01,1,1000,0,0,1000,0.01,0,0,3.16e-06,0.01,1000,0,0,1000,0.01,0,0,0.0316,0.01,1000,0,0,1000,0.01,0,0,0.000316,0.01,1.52821255777033,0.630340342269087,0.4584637673311,0.315394806442806,0.201768861045787,0.0946184419328418,0.505353630191262,0.266311399859774,0.151606089057379
08-Jun-2022 13:35:00,rod_obs_sim1_3KF_Q_06_04,5,2500,0.5,5000,1,1,2,0.7,0,1,1,1,0,0,1,0.3,0,0,0,KF1,KF2,KF3,0.01,0.1,0.01,1,1000,0,0,1000,0.01,0,0,0.00013335,0.01,1000,0,0,1000,0.01,0,0,1.3335,0.01,1000,0,0,1000,0.01,0,0,0.013335,0.01,0.627235063905414,0.306360187408672,0.188170519171624,0.535445426148198,0.356974408398912,0.160633627844459,0.296453881966219,0.194444005170305,0.0889361645898655
08-Jun-2022 13:35:01,rod_obs_sim1_3KF_Q_06_05,5,2500,0.5,5000,1,1,2,0.7,0,1,1,1,0,0,1,0.3,0,0,0,KF1,KF2,KF3,0.01,0.1,0.01,1,1000,0,0,1000,0.01,0,0,1e-05,0.01,1000,0,0,1000,0.01,0,0,0.1,0.01,1000,0,0,1000,0.01,0,0,0.001,0.01,1.16641775376025,0.495397101409695,0.349925326128076,0.367852701463628,0.230685991361731,0.110355810439088,0.385765030406951,0.227439862710784,0.115729509122085
08-Jun-2022 13:35:03,rod_obs_sim1_3KF_Q_06_06,5,2500,0.5,5000,1,1,2,0.7,0,1,1,1,0,0,1,0.3,0,0,0,KF1,KF2,KF3,0.01,0.1,0.01,1,1000,0,0,1000,0.01,0,0,0.00017783,0.01,1000,0,0,1000,0.01,0,0,1.7783,0.01,1000,0,0,1000,0.01,0,0,0.017783,0.01,0.583511121461435,0.291887347767194,0.17505333643843,0.550724132778056,0.369760643348839,0.165217239833417,0.300513056486753,0.195671202283029,0.0901539169460262
08-Jun-2022 13:35:05,rod_obs_sim1_3KF_Q_06_07,5,2500,0.5,5000,1,1,2,0.7,0,1,1,1,0,0,1,0.3,0,0,0,KF1,KF2,KF3,0.01,0.1,0.01,1,1000,0,0,1000,0.01,0,0,1.778e-05,0.01,1000,0,0,1000,0.01,0,0,0.1778,0.01,1000,0,0,1000,0.01,0,0,0.001778,0.01,1.02162946634662,0.442923832769514,0.306488839903985,0.402758227661177,0.253836800043204,0.120827468298353,0.344742617577592,0.213751746210355,0.103422785273277
08-Jun-2022 13:35:06,rod_obs_sim1_3KF_Q_06_08,5,2500,0.5,5000,1,1,2,0.7,0,1,1,1,0,0,1,0.3,0,0,0,KF1,KF2,KF3,0.01,0.1,0.01,1,1000,0,0,1000,0.01,0,0,0.00031623,0.01,1000,0,0,1000,0.01,0,0,3.1623,0.01,1000,0,0,1000,0.01,0,0,0.031623,0.01,0.505262467502631,0.266281747884513,0.151578740250789,0.575628042451962,0.390837133283424,0.172688412735589,0.315418944054522,0.201779872531823,0.0946256832163565
08-Jun-2022 13:35:08,rod_obs_sim1_3KF_Q_06_09,5,2500,0.5,5000,1,1,2,0.7,0,1,1,1,0,0,1,0.3,0,0,0,KF1,KF2,KF3,0.01,0.1,0.01,1,1000,0,0,1000,0.01,0,0,3.162e-05,0.01,1000,0,0,1000,0.01,0,0,0.3162,0.01,1000,0,0,1000,0.01,0,0,0.003162,0.01,0.892498433399111,0.397084241441719,0.267749530019734,0.441292041690382,0.281822940827683,0.132387612507115,0.316166561176909,0.203656259650522,0.0948499683530726
08-Jun-2022 13:35:09,rod_obs_sim1_3KF_Q_06_10,5,2500,0.5,5000,1,1,2,0.7,0,1,1,1,0,0,1,0.3,0,0,0,KF1,KF2,KF3,0.01,0.1,0.01,1,1000,0,0,1000,0.01,0,0,0.001,0.01,1000,0,0,1000,0.01,0,0,10,0.01,1000,0,0,1000,0.01,0,0,0.1,0.01,0.385765030406951,0.227439862710784,0.115729509122085,0.604472059999514,0.415545970583181,0.181341617999854,0.367852701463628,0.230685991361731,0.110355810439088
08-Jun-2022 13:35:11,rod_obs_sim1_3KF_Q_06_11,5,2500,0.5,5000,1,1,2,0.7,0,1,1,1,0,0,1,0.3,0,0,0,KF1,KF2,KF3,0.01,0.1,0.01,1,1000,0,0,1000,0.01,0,0,5.623e-05,0.01,1000,0,0,1000,0.01,0,0,0.5623,0.01,1000,0,0,1000,0.01,0,0,0.005623,0.01,0.776919093847555,0.356944273338857,0.233075728154266,0.4809499292423,0.312552399011433,0.14428497877269,0.299758645618923,0.197124470710645,0.0899275936856767
08-Jun-2022 13:35:13,rod_obs_sim1_3KF_Q_06_12,5,2500,0.5,5000,1,1,2,0.7,0,1,1,1,0,0,1,0.3,0,0,0,KF1,KF2,KF3,0.01,0.1,0.01,1,1000,0,0,1000,0.01,0,0,0.00316228,0.01,1000,0,0,1000,0.01,0,0,31.6228,0.01,1000,0,0,1000,0.01,0,0,0.316228,0.01,0.316163113482505,0.20365497967814,0.0948489340447515,0.615601957744574,0.425150423170636,0.184680587323372,0.441298130172386,0.281827524938051,0.132389439051716
08-Jun-2022 13:35:14,rod_obs_sim1_3KF_Q_06_13,5,2500,0.5,5000,1,1,2,0.7,0,1,1,1,0,0,1,0.3,0,0,0,KF1,KF2,KF3,0.01,0.1,0.01,1,1000,0,0,1000,0.01,0,0,7.499e-05,0.01,1000,0,0,1000,0.01,0,0,0.7499,0.01,1000,0,0,1000,0.01,0,0,0.007499,0.01,0.723903614309804,0.338842082136026,0.217171084292941,0.500209529782519,0.328008564378779,0.150062858934756,0.295930812658836,0.195237192915747,0.0887792437976508
08-Jun-2022 13:35:16,rod_obs_sim1_3KF_Q_06_14,5,2500,0.5,5000,1,1,2,0.7,0,1,1,1,0,0,1,0.3,0,0,0,KF1,KF2,KF3,0.01,0.1,0.01,1,1000,0,0,1000,0.01,0,0,0.01,0.01,1000,0,0,1000,0.01,0,0,100,0.01,1000,0,0,1000,0.01,0,0,1,0.01,0.294875581816278,0.194323895026168,0.0884626745448833,0.619381401298444,0.428419616839626,0.185814420389533,0.518504275493108,0.342948347931791,0.155551282647932
08-Jun-2022 13:35:18,rod_obs_sim1_3KF_Q_07_01,6,2500,0.5,5000,1,1,2,0.7,0,1,1,1,0,0,1,0.3,0,0,0,KF1,KF2,KF3,0.01,0.1,0.01,1,1000,0,0,1000,0.01,0,0,1e-06,0.01,1000,0,0,1000,0.01,0,0,0.01,0.01,1000,0,0,1000,0.01,0,0,0.0001,0.01,2.11014592233097,0.854245924356274,0.63304377669929,0.299401776516619,0.20220993988124,0.0898205329549856,0.716166925016166,0.341681272514663,0.21485007750485
08-Jun-2022 13:35:19,rod_obs_sim1_3KF_Q_07_02,6,2500,0.5,5000,1,1,2,0.7,0,1,1,1,0,0,1,0.3,0,0,0,KF1,KF2,KF3,0.01,0.1,0.01,1,1000,0,0,1000,0.01,0,0,0.0001,0.01,1000,0,0,1000,0.01,0,0,1,0.01,1000,0,0,1000,0.01,0,0,0.01,0.01,0.716166925016166,0.341681272514663,0.21485007750485,0.518696852148755,0.346562629952708,0.155609055644627,0.299401776516619,0.20220993988124,0.0898205329549856
08-Jun-2022 13:35:21,rod_obs_sim1_3KF_Q_07_03,6,2500,0.5,5000,1,1,2,0.7,0,1,1,1,0,0,1,0.3,0,0,0,KF1,KF2,KF3,0.01,0.1,0.01,1,1000,0,0,1000,0.01,0,0,3.16e-06,0.01,1000,0,0,1000,0.01,0,0,0.0316,0.01,1000,0,0,1000,0.01,0,0,0.000316,0.01,1.6486639846461,0.679005180962712,0.494599195393832,0.315032487153735,0.206985981058865,0.0945097461461206,0.535961340203689,0.282279713827735,0.160788402061107
08-Jun-2022 13:35:23,rod_obs_sim1_3KF_Q_07_04,6,2500,0.5,5000,1,1,2,0.7,0,1,1,1,0,0,1,0.3,0,0,0,KF1,KF2,KF3,0.01,0.1,0.01,1,1000,0,0,1000,0.01,0,0,0.00013335,0.01,1000,0,0,1000,0.01,0,0,1.3335,0.01,1000,0,0,1000,0.01,0,0,0.013335,0.01,0.665967405344134,0.324878002856651,0.199790221603241,0.535956996824337,0.360740382362696,0.160787099047301,0.299436734854584,0.201615806650885,0.0898310204563752
08-Jun-2022 13:35:25,rod_obs_sim1_3KF_Q_07_05,6,2500,0.5,5000,1,1,2,0.7,0,1,1,1,0,0,1,0.3,0,0,0,KF1,KF2,KF3,0.01,0.1,0.01,1,1000,0,0,1000,0.01,0,0,1e-05,0.01,1000,0,0,1000,0.01,0,0,0.1,0.01,1000,0,0,1000,0.01,0,0,0.001,0.01,1.25676288160489,0.532819163017106,0.377028864481468,0.365895557385851,0.234138985067027,0.109768667215755,0.407442897643394,0.241018839544721,0.122232869293018
08-Jun-2022 13:35:27,rod_obs_sim1_3KF_Q_07_06,6,2500,0.5,5000,1,1,2,0.7,0,1,1,1,0,0,1,0.3,0,0,0,KF1,KF2,KF3,0.01,0.1,0.01,1,1000,0,0,1000,0.01,0,0,0.00017783,0.01,1000,0,0,1000,0.01,0,0,1.7783,0.01,1000,0,0,1000,0.01,0,0,0.017783,0.01,0.619226574522155,0.309410657717058,0.185767972356646,0.551524820647555,0.373670690514356,0.165457446194266,0.302163433251189,0.20215404391525,0.0906490299753566
08-Jun-2022 13:35:28,rod_obs_sim1_3KF_Q_07_07,6,2500,0.5,5000,1,1,2,0.7,0,1,1,1,0,0,1,0.3,0,0,0,KF1,KF2,KF3,0.01,0.1,0.01,1,1000,0,0,1000,0.01,0,0,1.778e-05,0.01,1000,0,0,1000,0.01,0,0,0.1778,0.01,1000,0,0,1000,0.01,0,0,0.001778,0.01,1.09522734235463,0.474040359144809,0.328568202706388,0.400980750314966,0.256950049962767,0.12029422509449,0.36180506429115,0.226034055329008,0.108541519287345
08-Jun-2022 13:35:30,rod_obs_sim1_3KF_Q_07_08,6,2500,0.5,5000,1,1,2,0.7,0,1,1,1,0,0,1,0.3,0,0,0,KF1,KF2,KF3,0.01,0.1,0.01,1,1000,0,0,1000,0.01,0,0,0.00031623,0.01,1000,0,0,1000,0.01,0,0,3.1623,0.01,1000,0,0,1000,0.01,0,0,0.031623,0.01,0.53586427165423,0.282248376928505,0.160759281496269,0.576905995728901,0.394995998440254,0.17307179871867,0.315054621088315,0.206995510397471,0.0945163863264948
08-Jun-2022 13:35:31,rod_obs_sim1_3KF_Q_07_09,6,2500,0.5,5000,1,1,2,0.7,0,1,1,1,0,0,1,0.3,0,0,0,KF1,KF2,KF3,0.01,0.1,0.01,1,1000,0,0,1000,0.01,0,0,3.162e-05,0.01,1000,0,0,1000,0.01,0,0,0.3162,0.01,1000,0,0,1000,0.01,0,0,0.003162,0.01,0.953019034494208,0.42336041600172,0.285905710348262,0.440071914097755,0.284931256513934,0.132021574229327,0.328626333817554,0.214509121097308,0.0985879001452661
08-Jun-2022 13:35:33,rod_obs_sim1_3KF_Q_07_10,6,2500,0.5,5000,1,1,2,0.7,0,1,1,1,0,0,1,0.3,0,0,0,KF1,KF2,KF3,0.01,0.1,0.01,1,1000,0,0,1000,0.01,0,0,0.001,0.01,1000,0,0,1000,0.01,0,0,10,0.01,1000,0,0,1000,0.01,0,0,0.1,0.01,0.407442897643394,0.241018839544721,0.122232869293018,0.606320257344015,0.420016618984593,0.181896077203204,0.365895557385851,0.234138985067027,0.109768667215755
08-Jun-2022 13:35:35,rod_obs_sim1_3KF_Q_07_11,6,2500,0.5,5000,1,1,2,0.7,0,1,1,1,0,0,1,0.3,0,0,0,KF1,KF2,KF3,0.01,0.1,0.01,1,1000,0,0,1000,0.01,0,0,5.623e-05,0.01,1000,0,0,1000,0.01,0,0,0.5623,0.01,1000,0,0,1000,0.01,0,0,0.005623,0.01,0.827216396790969,0.379512735828062,0.248164919037291,0.480440020237537,0.315870097278907,0.144132006071261,0.307948315060164,0.206487178155729,0.0923844945180488
08-Jun-2022 13:35:36,rod_obs_sim1_3KF_Q_07_12,6,2500,0.5,5000,1,1,2,0.7,0,1,1,1,0,0,1,0.3,0,0,0,KF1,KF2,KF3,0.01,0.1,0.01,1,1000,0,0,1000,0.01,0,0,0.00316228,0.01,1000,0,0,1000,0.01,0,0,31.6228,0.01,1000,0,0,1000,0.01,0,0,0.316228,0.01,0.328622195674548,0.214507614482437,0.0985866587023643,0.61767769983434,0.429749259275607,0.185303309950302,0.440078105225571,0.284935859888721,0.132023431567671
08-Jun-2022 13:35:38,rod_obs_sim1_3KF_Q_07_13,6,2500,0.5,5000,1,1,2,0.7,0,1,1,1,0,0,1,0.3,0,0,0,KF1,KF2,KF3,0.01,0.1,0.01,1,1000,0,0,1000,0.01,0,0,7.499e-05,0.01,1000,0,0,1000,0.01,0,0,0.7499,0.01,1000,0,0,1000,0.01,0,0,0.007499,0.01,0.769890739798216,0.359874296259133,0.230967221939465,0.500058785594798,0.331470280936175,0.15001763567844,0.302198891134374,0.203855789869272,0.0906596673403123
08-Jun-2022 13:35:40,rod_obs_sim1_3KF_Q_07_14,6,2500,0.5,5000,1,1,2,0.7,0,1,1,1,0,0,1,0.3,0,0,0,KF1,KF2,KF3,0.01,0.1,0.01,1,1000,0,0,1000,0.01,0,0,0.01,0.01,1000,0,0,1000,0.01,0,0,100,0.01,1000,0,0,1000,0.01,0,0,1,0.01,0.299401776516619,0.20220993988124,0.0898205329549856,0.621535583106365,0.433063103500158,0.18646067493191,0.518696852148755,0.346562629952708,0.155609055644627
08-Jun-2022 13:35:41,rod_obs_sim1_3KF_Q_08_01,7,2500,0.5,5000,1,1,2,0.7,0,1,1,1,0,0,1,0.3,0,0,0,KF1,KF2,KF3,0.01,0.1,0.01,1,1000,0,0,1000,0.01,0,0,1e-06,0.01,1000,0,0,1000,0.01,0,0,0.01,0.01,1000,0,0,1000,0.01,0,0,0.0001,0.01,2.4322812585331,0.983620236057808,0.72968437755993,0.311848841664651,0.218013961595625,0.0935546524993952,0.771657130831378,0.370251190018164,0.231497139249414
08-Jun-2022 13:35:43,rod_obs_sim1_3KF_Q_08_02,7,2500,0.5,5000,1,1,2,0.7,0,1,1,1,0,0,1,0.3,0,0,0,KF1,KF2,KF3,0.01,0.1,0.01,1,1000,0,0,1000,0.01,0,0,0.0001,0.01,1000,0,0,1000,0.01,0,0,1,0.01,1000,0,0,1000,0.01,0,0,0.01,0.01,0.771657130831378,0.370251190018164,0.231497139249414,0.514241272016798,0.346996315798717,0.154272381605039,0.311848841664651,0.218013961595625,0.0935546524993952
08-Jun-2022 13:35:45,rod_obs_sim1_3KF_Q_08_03,7,2500,0.5,5000,1,1,2,0.7,0,1,1,1,0,0,1,0.3,0,0,0,KF1,KF2,KF3,0.01,0.1,0.01,1,1000,0,0,1000,0.01,0,0,3.16e-06,0.01,1000,0,0,1000,0.01,0,0,0.0316,0.01,1000,0,0,1000,0.01,0,0,0.000316,0.01,1.86730254864866,0.76866758823623,0.560190764594597,0.320281760605443,0.219159901738266,0.0960845281816329,0.576707401162459,0.306078926003086,0.173012220348738
08-Jun-2022 13:35:46,rod_obs_sim1_3KF_Q_08_04,7,2500,0.5,5000,1,1,2,0.7,0,1,1,1,0,0,1,0.3,0,0,0,KF1,KF2,KF3,0.01,0.1,0.01,1,1000,0,0,1000,0.01,0,0,0.00013335,0.01,1000,0,0,1000,0.01,0,0,1.3335,0.01,1000,0,0,1000,0.01,0,0,0.013335,0.01,0.717056977973777,0.351969455242291,0.215117093392133,0.53110127455434,0.360579388552997,0.159330382366302,0.309854216213133,0.216601810403425,0.0929562648639397
08-Jun-2022 13:35:48,rod_obs_sim1_3KF_Q_08_05,7,2500,0.5,5000,1,1,2,0.7,0,1,1,1,0,0,1,0.3,0,0,0,KF1,KF2,KF3,0.01,0.1,0.01,1,1000,0,0,1000,0.01,0,0,1e-05,0.01,1000,0,0,1000,0.01,0,0,0.1,0.01,1000,0,0,1000,0.01,0,0,0.001,0.01,1.3969704857211,0.592798507333542,0.41909114571633,0.3664127334101,0.241963145631854,0.10992382002303,0.437734581392853,0.261806113536294,0.131320374417856
08-Jun-2022 13:35:50,rod_obs_sim1_3KF_Q_08_06,7,2500,0.5,5000,1,1,2,0.7,0,1,1,1,0,0,1,0.3,0,0,0,KF1,KF2,KF3,0.01,0.1,0.01,1,1000,0,0,1000,0.01,0,0,0.00017783,0.01,1000,0,0,1000,0.01,0,0,1.7783,0.01,1000,0,0,1000,0.01,0,0,0.017783,0.01,0.666491247595624,0.335254355255517,0.199947374278687,0.546302676332313,0.372990861730707,0.163890802899694,0.310693217312077,0.216259783396325,0.0932079651936234
08-Jun-2022 13:35:51,rod_obs_sim1_3KF_Q_08_07,7,2500,0.5,5000,1,1,2,0.7,0,1,1,1,0,0,1,0.3,0,0,0,KF1,KF2,KF3,0.01,0.1,0.01,1,1000,0,0,1000,0.01,0,0,1.778e-05,0.01,1000,0,0,1000,0.01,0,0,0.1778,0.01,1000,0,0,1000,0.01,0,0,0.001778,0.01,1.2035542383673,0.521982999412411,0.361066271510188,0.399832359812479,0.262578212053406,0.119949707943743,0.387571687026932,0.245658046231716,0.116271506108079
08-Jun-2022 13:35:53,rod_obs_sim1_3KF_Q_08_08,7,2500,0.5,5000,1,1,2,0.7,0,1,1,1,0,0,1,0.3,0,0,0,KF1,KF2,KF3,0.01,0.1,0.01,1,1000,0,0,1000,0.01,0,0,0.00031623,0.01,1000,0,0,1000,0.01,0,0,3.1623,0.01,1000,0,0,1000,0.01,0,0,0.031623,0.01,0.576602783850896,0.306045282281445,0.172980835155269,0.571063168598863,0.393493400033857,0.171318950579659,0.320300166207898,0.219166853128508,0.0960900498623694
08-Jun-2022 13:35:55,rod_obs_sim1_3KF_Q_08_09,7,2500,0.5,5000,1,1,2,0.7,0,1,1,1,0,0,1,0.3,0,0,0,KF1,KF2,KF3,0.01,0.1,0.01,1,1000,0,0,1000,0.01,0,0,3.162e-05,0.01,1000,0,0,1000,0.01,0,0,0.3162,0.01,1000,0,0,1000,0.01,0,0,0.003162,0.01,1.03697389105279,0.462179018942525,0.311092167315837,0.437594366972692,0.288535430863617,0.131278310091808,0.349929296663994,0.23300696792282,0.104978788999198
08-Jun-2022 13:35:56,rod_obs_sim1_3KF_Q_08_10,7,2500,0.5,5000,1,1,2,0.7,0,1,1,1,0,0,1,0.3,0,0,0,KF1,KF2,KF3,0.01,0.1,0.01,1,1000,0,0,1000,0.01,0,0,0.001,0.01,1000,0,0,1000,0.01,0,0,10,0.01,1000,0,0,1000,0.01,0,0,0.1,0.01,0.437734581392853,0.261806113536294,0.131320374417856,0.599704314796576,0.417575850594552,0.179911294438972,0.3664127334101,0.241963145631854,0.10992382002303
08-Jun-2022 13:35:58,rod_obs_sim1_3KF_Q_08_11,7,2500,0.5,5000,1,1,2,0.7,0,1,1,1,0,0,1,0.3,0,0,0,KF1,KF2,KF3,0.01,0.1,0.01,1,1000,0,0,1000,0.01,0,0,5.623e-05,0.01,1000,0,0,1000,0.01,0,0,0.5623,0.01,1000,0,0,1000,0.01,0,0,0.005623,0.01,0.894192287007304,0.412114461433664,0.268257686102191,0.476886857844298,0.317729987456373,0.14306605735329,0.324751602337294,0.223743593696508,0.0974254807011881
08-Jun-2022 13:36:00,rod_obs_sim1_3KF_Q_08_12,7,2500,0.5,5000,1,1,2,0.7,0,1,1,1,0,0,1,0.3,0,0,0,KF1,KF2,KF3,0.01,0.1,0.01,1,1000,0,0,1000,0.01,0,0,0.00316228,0.01,1000,0,0,1000,0.01,0,0,31.6228,0.01,1000,0,0,1000,0.01,0,0,0.316228,0.01,0.349924467813332,0.23300528253955,0.104977340344,0.610744100075241,0.426945884520506,0.183223230022573,0.437600375423711,0.288539742585389,0.131280112627113
08-Jun-2022 13:36:01,rod_obs_sim1_3KF_Q_08_13,7,2500,0.5,5000,1,1,2,0.7,0,1,1,1,0,0,1,0.3,0,0,0,KF1,KF2,KF3,0.01,0.1,0.01,1,1000,0,0,1000,0.01,0,0,7.499e-05,0.01,1000,0,0,1000,0.01,0,0,0.7499,0.01,1000,0,0,1000,0.01,0,0,0.007499,0.01,0.830583849738933,0.390244259551588,0.24917515492168,0.496036420286836,0.332576955931058,0.148810926086051,0.316787100190496,0.220415670451686,0.095036130057149
08-Jun-2022 13:36:03,rod_obs_sim1_3KF_Q_08_14,7,2500,0.5,5000,1,1,2,0.7,0,1,1,1,0,0,1,0.3,0,0,0,KF1,KF2,KF3,0.01,0.1,0.01,1,1000,0,0,1000,0.01,0,0,0.01,0.01,1000,0,0,1000,0.01,0,0,100,0.01,1000,0,0,1000,0.01,0,0,1,0.01,0.311848841664651,0.218013961595625,0.0935546524993952,0.614491411814085,0.43013616158146,0.184347423544225,0.514241272016798,0.346996315798717,0.154272381605039
08-Jun-2022 13:36:05,rod_obs_sim1_3KF_Q_09_01,8,2500,0.5,5000,1,1,2,0.7,0,1,1,1,0,0,1,0.3,0,0,0,KF1,KF2,KF3,0.01,0.1,0.01,1,1000,0,0,1000,0.01,0,0,1e-06,0.01,1000,0,0,1000,0.01,0,0,0.01,0.01,1000,0,0,1000,0.01,0,0,0.0001,0.01,2.34835699067069,0.948430225254675,0.704507097201206,0.290530111743187,0.191342954882172,0.0871590335229561,0.628746954632141,0.302199304011801,0.188624086389642
08-Jun-2022 13:36:06,rod_obs_sim1_3KF_Q_09_02,8,2500,0.5,5000,1,1,2,0.7,0,1,1,1,0,0,1,0.3,0,0,0,KF1,KF2,KF3,0.01,0.1,0.01,1,1000,0,0,1000,0.01,0,0,0.0001,0.01,1000,0,0,1000,0.01,0,0,1,0.01,1000,0,0,1000,0.01,0,0,0.01,0.01,0.628746954632141,0.302199304011801,0.188624086389642,0.507642003059212,0.335895642499663,0.152292600917764,0.290530111743187,0.191342954882172,0.0871590335229561
08-Jun-2022 13:36:08,rod_obs_sim1_3KF_Q_09_03,8,2500,0.5,5000,1,1,2,0.7,0,1,1,1,0,0,1,0.3,0,0,0,KF1,KF2,KF3,0.01,0.1,0.01,1,1000,0,0,1000,0.01,0,0,3.16e-06,0.01,1000,0,0,1000,0.01,0,0,0.0316,0.01,1000,0,0,1000,0.01,0,0,0.000316,0.01,1.62126515047475,0.667131656784374,0.486379545142425,0.31029677276036,0.198736944939016,0.0930890318281079,0.478184392510673,0.253472337567938,0.143455317753202
08-Jun-2022 13:36:10,rod_obs_sim1_3KF_Q_09_04,8,2500,0.5,5000,1,1,2,0.7,0,1,1,1,0,0,1,0.3,0,0,0,KF1,KF2,KF3,0.01,0.1,0.01,1,1000,0,0,1000,0.01,0,0,0.00013335,0.01,1000,0,0,1000,0.01,0,0,1.3335,0.01,1000,0,0,1000,0.01,0,0,0.013335,0.01,0.586796378846561,0.288395527570109,0.176038913653968,0.524104182598869,0.349519073706664,0.157231254779661,0.292154990664042,0.191565554517795,0.0876464971992126
08-Jun-2022 13:36:11,rod_obs_sim1_3KF_Q_09_05,8,2500,0.5,5000,1,1,2,0.7,0,1,1,1,0,0,1,0.3,0,0,0,KF1,KF2,KF3,0.01,0.1,0.01,1,1000,0,0,1000,0.01,0,0,1e-05,0.01,1000,0,0,1000,0.01,0,0,0.1,0.01,1000,0,0,1000,0.01,0,0,0.001,0.01,1.13900649057302,0.48387790377739,0.341701947171907,0.360699244723643,0.226585632938974,0.108209773417093,0.371509488401291,0.219858889243239,0.111452846520387
08-Jun-2022 13:36:13,rod_obs_sim1_3KF_Q_09_06,8,2500,0.5,5000,1,1,2,0.7,0,1,1,1,0,0,1,0.3,0,0,0,KF1,KF2,KF3,0.01,0.1,0.01,1,1000,0,0,1000,0.01,0,0,0.00017783,0.01,1000,0,0,1000,0.01,0,0,1.7783,0.01,1000,0,0,1000,0.01,0,0,0.017783,0.01,0.547794461123105,0.27572820213382,0.164338338336931,0.538922162849301,0.361918201127902,0.161676648854791,0.296084069199137,0.192816975649654,0.088825220759741
08-Jun-2022 13:36:15,rod_obs_sim1_3KF_Q_09_07,8,2500,0.5,5000,1,1,2,0.7,0,1,1,1,0,0,1,0.3,0,0,0,KF1,KF2,KF3,0.01,0.1,0.01,1,1000,0,0,1000,0.01,0,0,1.778e-05,0.01,1000,0,0,1000,0.01,0,0,0.1778,0.01,1000,0,0,1000,0.01,0,0,0.001778,0.01,0.969917999972875,0.421410107962961,0.290975399991863,0.394632235279592,0.249048063981567,0.118389670583878,0.334874579272841,0.208073173942498,0.100462373781852
08-Jun-2022 13:36:16,rod_obs_sim1_3KF_Q_09_08,8,2500,0.5,5000,1,1,2,0.7,0,1,1,1,0,0,1,0.3,0,0,0,KF1,KF2,KF3,0.01,0.1,0.01,1,1000,0,0,1000,0.01,0,0,0.00031623,0.01,1000,0,0,1000,0.01,0,0,3.1623,0.01,1000,0,0,1000,0.01,0,0,0.031623,0.01,0.478103161082944,0.253446595023599,0.143430948324883,0.563016952153255,0.382314232416302,0.168905085645976,0.310319800871486,0.198747548710586,0.0930959402614458
08-Jun-2022 13:36:18,rod_obs_sim1_3KF_Q_09_09,8,2500,0.5,5000,1,1,2,0.7,0,1,1,1,0,0,1,0.3,0,0,0,KF1,KF2,KF3,0.01,0.1,0.01,1,1000,0,0,1000,0.01,0,0,3.162e-05,0.01,1000,0,0,1000,0.01,0,0,0.3162,0.01,1000,0,0,1000,0.01,0,0,0.003162,0.01,0.834261649422625,0.372649248262374,0.250278494826788,0.432278594959772,0.276324457442175,0.129683578487931,0.309318102682254,0.199347187474912,0.0927954308046762
08-Jun-2022 13:36:20,rod_obs_sim1_3KF_Q_09_10,8,2500,0.5,5000,1,1,2,0.7,0,1,1,1,0,0,1,0.3,0,0,0,KF1,KF2,KF3,0.01,0.1,0.01,1,1000,0,0,1000,0.01,0,0,0.001,0.01,1000,0,0,1000,0.01,0,0,10,0.01,1000,0,0,1000,0.01,0,0,0.1,0.01,0.371509488401291,0.219858889243239,0.111452846520387,0.59083977343146,0.406161246510563,0.177251932029438,0.360699244723643,0.226585632938974,0.108209773417093
08-Jun-2022 13:36:21,rod_obs_sim1_3KF_Q_09_11,8,2500,0.5,5000,1,1,2,0.7,0,1,1,1,0,0,1,0.3,0,0,0,KF1,KF2,KF3,0.01,0.1,0.01,1,1000,0,0,1000,0.01,0,0,5.623e-05,0.01,1000,0,0,1000,0.01,0,0,0.5623,0.01,1000,0,0,1000,0.01,0,0,0.005623,0.01,0.722838332685043,0.333876463039039,0.216851499805513,0.471040087894655,0.306302062402511,0.141312026368396,0.294680427078152,0.193683558283853,0.0884041281234458
08-Jun-2022 13:36:23,rod_obs_sim1_3KF_Q_09_12,8,2500,0.5,5000,1,1,2,0.7,0,1,1,1,0,0,1,0.3,0,0,0,KF1,KF2,KF3,0.01,0.1,0.01,1,1000,0,0,1000,0.01,0,0,0.00316228,0.01,1000,0,0,1000,0.01,0,0,31.6228,0.01,1000,0,0,1000,0.01,0,0,0.316228,0.01,0.309315018555753,0.199346077613881,0.0927945055667259,0.601554137678262,0.415413660758678,0.180466241303479,0.432284548765466,0.276328930023203,0.12968536462964
08-Jun-2022 13:36:25,rod_obs_sim1_3KF_Q_09_13,8,2500,0.5,5000,1,1,2,0.7,0,1,1,1,0,0,1,0.3,0,0,0,KF1,KF2,KF3,0.01,0.1,0.01,1,1000,0,0,1000,0.01,0,0,7.499e-05,0.01,1000,0,0,1000,0.01,0,0,0.7499,0.01,1000,0,0,1000,0.01,0,0,0.007499,0.01,0.673942545509142,0.317289648854827,0.202182763652742,0.489828572200482,0.321361033556647,0.146948571660145,0.291334684162797,0.192071413053859,0.0874004052488389
08-Jun-2022 13:36:27,rod_obs_sim1_3KF_Q_09_14,8,2500,0.5,5000,1,1,2,0.7,0,1,1,1,0,0,1,0.3,0,0,0,KF1,KF2,KF3,0.01,0.1,0.01,1,1000,0,0,1000,0.01,0,0,0.01,0.01,1000,0,0,1000,0.01,0,0,100,0.01,1000,0,0,1000,0.01,0,0,1,0.01,0.290530111743187,0.191342954882172,0.0871590335229561,0.605190033283498,0.418561033891955,0.181557009985049,0.507642003059212,0.335895642499663,0.152292600917764
08-Jun-2022 13:36:28,rod_obs_sim1_3KF_Q_10_01,9,2500,0.5,5000,1,1,2,0.7,0,1,1,1,0,0,1,0.3,0,0,0,KF1,KF2,KF3,0.01,0.1,0.01,1,1000,0,0,1000,0.01,0,0,1e-06,0.01,1000,0,0,1000,0.01,0,0,0.01,0.01,1000,0,0,1000,0.01,0,0,0.0001,0.01,1.81508637351555,0.736570997060932,0.544525912054666,0.290323011805771,0.190290090712384,0.0870969035417312,0.65185421628879,0.312955226788847,0.195556264886637
08-Jun-2022 13:36:30,rod_obs_sim1_3KF_Q_10_02,9,2500,0.5,5000,1,1,2,0.7,0,1,1,1,0,0,1,0.3,0,0,0,KF1,KF2,KF3,0.01,0.1,0.01,1,1000,0,0,1000,0.01,0,0,0.0001,0.01,1000,0,0,1000,0.01,0,0,1,0.01,1000,0,0,1000,0.01,0,0,0.01,0.01,0.65185421628879,0.312955226788847,0.195556264886637,0.523143926355643,0.347142301541209,0.156943177906693,0.290323011805771,0.190290090712384,0.0870969035417312
08-Jun-2022 13:36:32,rod_obs_sim1_3KF_Q_10_03,9,2500,0.5,5000,1,1,2,0.7,0,1,1,1,0,0,1,0.3,0,0,0,KF1,KF2,KF3,0.01,0.1,0.01,1,1000,0,0,1000,0.01,0,0,3.16e-06,0.01,1000,0,0,1000,0.01,0,0,0.0316,0.01,1000,0,0,1000,0.01,0,0,0.000316,0.01,1.40472090379922,0.580748021745006,0.421416271139767,0.312780385018213,0.19847944951861,0.093834115505464,0.490267305366493,0.259824624817331,0.147080191609948
08-Jun-2022 13:36:33,rod_obs_sim1_3KF_Q_10_04,9,2500,0.5,5000,1,1,2,0.7,0,1,1,1,0,0,1,0.3,0,0,0,KF1,KF2,KF3,0.01,0.1,0.01,1,1000,0,0,1000,0.01,0,0,0.00013335,0.01,1000,0,0,1000,0.01,0,0,1.3335,0.01,1000,0,0,1000,0.01,0,0,0.013335,0.01,0.607227570850161,0.298123798806415,0.182168271255048,0.54059332650018,0.361682148778041,0.162177997950054,0.292407009297971,0.190504057687104,0.0877221027893914
08-Jun-2022 13:36:35,rod_obs_sim1_3KF_Q_10_05,9,2500,0.5,5000,1,1,2,0.7,0,1,1,1,0,0,1,0.3,0,0,0,KF1,KF2,KF3,0.01,0.1,0.01,1,1000,0,0,1000,0.01,0,0,1e-05,0.01,1000,0,0,1000,0.01,0,0,0.1,0.01,1000,0,0,1000,0.01,0,0,0.001,0.01,1.10157248061296,0.46928677080554,0.330471744183889,0.367346223183951,0.229378893241103,0.110203866955185,0.375494709372469,0.222515191725755,0.11264841281174
08-Jun-2022 13:36:37,rod_obs_sim1_3KF_Q_10_06,9,2500,0.5,5000,1,1,2,0.7,0,1,1,1,0,0,1,0.3,0,0,0,KF1,KF2,KF3,0.01,0.1,0.01,1,1000,0,0,1000,0.01,0,0,0.00017783,0.01,1000,0,0,1000,0.01,0,0,1.7783,0.01,1000,0,0,1000,0.01,0,0,0.017783,0.01,0.565347695632096,0.284320195328765,0.169604308689629,0.556312869128532,0.374909633432539,0.16689386073856,0.296951248210634,0.191877972098728,0.0890853744631903
08-Jun-2022 13:36:38,rod_obs_sim1_3KF_Q_10_07,9,2500,0.5,5000,1,1,2,0.7,0,1,1,1,0,0,1,0.3,0,0,0,KF1,KF2,KF3,0.01,0.1,0.01,1,1000,0,0,1000,0.01,0,0,1.778e-05,0.01,1000,0,0,1000,0.01,0,0,0.1778,0.01,1000,0,0,1000,0.01,0,0,0.001778,0.01,0.973324695549199,0.423491545638873,0.29199740866476,0.403506629775602,0.253905601608418,0.121051988932681,0.336309461514431,0.209286281558602,0.10089283845433
08-Jun-2022 13:36:40,rod_obs_sim1_3KF_Q_10_08,9,2500,0.5,5000,1,1,2,0.7,0,1,1,1,0,0,1,0.3,0,0,0,KF1,KF2,KF3,0.01,0.1,0.01,1,1000,0,0,1000,0.01,0,0,0.00031623,0.01,1000,0,0,1000,0.01,0,0,3.1623,0.01,1000,0,0,1000,0.01,0,0,0.031623,0.01,0.490179679688891,0.259796190104332,0.147053903906667,0.581899403673859,0.396661415276812,0.174569821102158,0.312805732020976,0.198491300549633,0.0938417196062926
08-Jun-2022 13:36:42,rod_obs_sim1_3KF_Q_10_09,9,2500,0.5,5000,1,1,2,0.7,0,1,1,1,0,0,1,0.3,0,0,0,KF1,KF2,KF3,0.01,0.1,0.01,1,1000,0,0,1000,0.01,0,0,3.162e-05,0.01,1000,0,0,1000,0.01,0,0,0.3162,0.01,1000,0,0,1000,0.01,0,0,0.003162,0.01,0.856158791598912,0.38247286868109,0.256847637479674,0.443394841140576,0.283366059767264,0.133018452342173,0.309240602063474,0.199427240900466,0.0927721806190422
08-Jun-2022 13:36:43,rod_obs_sim1_3KF_Q_10_10,9,2500,0.5,5000,1,1,2,0.7,0,1,1,1,0,0,1,0.3,0,0,0,KF1,KF2,KF3,0.01,0.1,0.01,1,1000,0,0,1000,0.01,0,0,0.001,0.01,1000,0,0,1000,0.01,0,0,10,0.01,1000,0,0,1000,0.01,0,0,0.1,0.01,0.375494709372469,0.222515191725755,0.11264841281174,0.611480887862893,0.422088731798825,0.183444266358868,0.367346223183951,0.229378893241103,0.110203866955185
08-Jun-2022 13:36:45,rod_obs_sim1_3KF_Q_10_11,9,2500,0.5,5000,1,1,2,0.7,0,1,1,1,0,0,1,0.3,0,0,0,KF1,KF2,KF3,0.01,0.1,0.01,1,1000,0,0,1000,0.01,0,0,5.623e-05,0.01,1000,0,0,1000,0.01,0,0,0.5623,0.01,1000,0,0,1000,0.01,0,0,0.005623,0.01,0.749006953865895,0.34568577687961,0.224702086159768,0.484395285442535,0.315516918699781,0.14531858563276,0.294102203796791,0.192993797647912,0.0882306611390371
08-Jun-2022 13:36:47,rod_obs_sim1_3KF_Q_10_12,9,2500,0.5,5000,1,1,2,0.7,0,1,1,1,0,0,1,0.3,0,0,0,KF1,KF2,KF3,0.01,0.1,0.01,1,1000,0,0,1000,0.01,0,0,0.00316228,0.01,1000,0,0,1000,0.01,0,0,31.6228,0.01,1000,0,0,1000,0.01,0,0,0.316228,0.01,0.309237365579666,0.199425983597918,0.0927712096738996,0.622881444088441,0.431953881016553,0.186864433226532,0.443401140529832,0.283370870516348,0.13302034215895
08-Jun-2022 13:36:48,rod_obs_sim1_3KF_Q_10_13,9,2500,0.5,5000,1,1,2,0.7,0,1,1,1,0,0,1,0.3,0,0,0,KF1,KF2,KF3,0.01,0.1,0.01,1,1000,0,0,1000,0.01,0,0,7.499e-05,0.01,1000,0,0,1000,0.01,0,0,0.7499,0.01,1000,0,0,1000,0.01,0,0,0.007499,0.01,0.699140089001929,0.328810357445715,0.209742026700579,0.504278354647408,0.331618857803628,0.151283506394222,0.29084389067671,0.191145838866115,0.0872531672030128
08-Jun-2022 13:36:50,rod_obs_sim1_3KF_Q_10_14,9,2500,0.5,5000,1,1,2,0.7,0,1,1,1,0,0,1,0.3,0,0,0,KF1,KF2,KF3,0.01,0.1,0.01,1,1000,0,0,1000,0.01,0,0,0.01,0.01,1000,0,0,1000,0.01,0,0,100,0.01,1000,0,0,1000,0.01,0,0,1,0.01,0.290323011805771,0.190290090712384,0.0870969035417312,0.626751193796568,0.435309686548988,0.188025358138971,0.523143926355643,0.347142301541209,0.156943177906693
