Time,p_case,i_in_seq,t_stop,Ts,nT,nu,ny,n_obs,sys_A_1_1,sys_A_2_1,sys_A_3_1,sys_A_4_1,sys_A_1_2,sys_A_2_2,sys_A_3_2,sys_A_4_2,sys_A_1_3,sys_A_2_3,sys_A_3_3,sys_A_4_3,sys_A_1_4,sys_A_2_4,sys_A_3_4,sys_A_4_4,sys_B_1,sys_B_2,sys_B_3,sys_B_4,sys_C_1,sys_C_2,sys_C_3,sys_C_4,sys_D,sys_Ts,sys_name,obs_1,obs_2,obs_3,obs_4,epsilon,sigma_M,sigma_wp_1,sigma_wp_2,KF1_P0_1_1,KF1_P0_2_1,KF1_P0_3_1,KF1_P0_4_1,KF1_P0_1_2,KF1_P0_2_2,KF1_P0_3_2,KF1_P0_4_2,KF1_P0_1_3,KF1_P0_2_3,KF1_P0_3_3,KF1_P0_4_3,KF1_P0_1_4,KF1_P0_2_4,KF1_P0_3_4,KF1_P0_4_4,KF1_Q_1_1,KF1_Q_2_1,KF1_Q_3_1,KF1_Q_4_1,KF1_Q_1_2,KF1_Q_2_2,KF1_Q_3_2,KF1_Q_4_2,KF1_Q_1_3,KF1_Q_2_3,KF1_Q_3_3,KF1_Q_4_3,KF1_Q_1_4,KF1_Q_2_4,KF1_Q_3_4,KF1_Q_4_4,KF1_R,KF2_P0_1_1,KF2_P0_2_1,KF2_P0_3_1,KF2_P0_4_1,KF2_P0_1_2,KF2_P0_2_2,KF2_P0_3_2,KF2_P0_4_2,KF2_P0_1_3,KF2_P0_2_3,KF2_P0_3_3,KF2_P0_4_3,KF2_P0_1_4,KF2_P0_2_4,KF2_P0_3_4,KF2_P0_4_4,KF2_Q_1_1,KF2_Q_2_1,KF2_Q_3_1,KF2_Q_4_1,KF2_Q_1_2,KF2_Q_2_2,KF2_Q_3_2,KF2_Q_4_2,KF2_Q_1_3,KF2_Q_2_3,KF2_Q_3_3,KF2_Q_4_3,KF2_Q_1_4,KF2_Q_2_4,KF2_Q_3_4,KF2_Q_4_4,KF2_R,MMKF_P0_1_1,MMKF_P0_2_1,MMKF_P0_3_1,MMKF_P0_4_1,MMKF_P0_1_2,MMKF_P0_2_2,MMKF_P0_3_2,MMKF_P0_4_2,MMKF_P0_1_3,MMKF_P0_2_3,MMKF_P0_3_3,MMKF_P0_4_3,MMKF_P0_1_4,MMKF_P0_2_4,MMKF_P0_3_4,MMKF_P0_4_4,MMKF_Q0_1_1,MMKF_Q0_2_1,MMKF_Q0_3_1,MMKF_Q0_4_1,MMKF_Q0_1_2,MMKF_Q0_2_2,MMKF_Q0_3_2,MMKF_Q0_4_2,MMKF_Q0_1_3,MMKF_Q0_2_3,MMKF_Q0_3_3,MMKF_Q0_4_3,MMKF_Q0_1_4,MMKF_Q0_2_4,MMKF_Q0_3_4,MMKF_Q0_4_4,MMKF_R_1,MMKF_R_2,MMKF_epsilon,MMKF_f,MMKF_n_filt,MMKF_n_min,MMKF_sigma_wp_1,MMKF_sigma_wp_2,SKF_P0_1_1,SKF_P0_2_1,SKF_P0_3_1,SKF_P0_4_1,SKF_P0_1_2,SKF_P0_2_2,SKF_P0_3_2,SKF_P0_4_2,SKF_P0_1_3,SKF_P0_2_3,SKF_P0_3_3,SKF_P0_4_3,SKF_P0_1_4,SKF_P0_2_4,SKF_P0_3_4,SKF_P0_4_4,SKF_Q0_1_1,SKF_Q0_2_1,SKF_Q0_3_1,SKF_Q0_4_1,SKF_Q0_1_2,SKF_Q0_2_2,SKF_Q0_3_2,SKF_Q0_4_2,SKF_Q0_1_3,SKF_Q0_2_3,SKF_Q0_3_3,SKF_Q0_4_3,SKF_Q0_1_4,SKF_Q0_2_4,SKF_Q0_3_4,SKF_Q0_4_4,SKF_R,SKF_sigma_wp_1,SKF_sigma_wp_2,tau_ss,nT_Y_MSE,nT_Y_MSE_tr,nT_Y_MSE_ss,MSE_y_est_KF1,MSE_tr_y_est_KF1,MSE_ss_y_est_KF1,Var_ss_y_est_KF1,MSD_ss_y_est_KF1,MSE_y_est_KF2,MSE_tr_y_est_KF2,MSE_ss_y_est_KF2,Var_ss_y_est_KF2,MSD_ss_y_est_KF2,MSE_y_est_MMKF,MSE_tr_y_est_MMKF,MSE_ss_y_est_MMKF,Var_ss_y_est_MMKF,MSD_ss_y_est_MMKF,MSE_y_est_SKF,MSE_tr_y_est_SKF,MSE_ss_y_est_SKF,Var_ss_y_est_SKF,MSD_ss_y_est_SKF
15-Feb-2022 16:34:57,1,6,123,0.05,2460,0,1,4,2.1903505166712,1,0,0,-1.54119140701361,0,0.5,0,0.701681780684826,0,0,0,2,0,0,0,0,0,0,1,0,-0.845690109276197,-1.19263179631937,0,0,0.05,P2Dcd1_T_adj,KF1,KF2,MMKF,SKF,0.01,5,0.002717,0.2717,0.1,0,0,0,0,0.1,0,0,0,0,0.1,0,0,0,0,0.01,0.0001,0,0,0,0,0.0001,0,0,0,0,0.0001,0,0,0,0,7.382089e-06,25,0.1,0,0,0,0,0.1,0,0,0,0,0.1,0,0,0,0,0.01,0.0001,0,0,0,0,0.0001,0,0,0,0,0.0001,0,0,0,0,0.000729,25,0.1,0,0,0,0,0.1,0,0,0,0,0.1,0,0,0,0,0.01,0.0001,0,0,0,0,0.0001,0,0,0,0,0.0001,0,0,0,0,0,25,25,0.01,100,20,18,0.002717,0.2717,0.1,0,0,0,0,0.1,0,0,0,0,0.1,0,0,0,0,0.01,0.0001,0,0,0,0,0.0001,0,0,0,0,0.0001,0,0,0,0,0,25,0.002717,0.2717,1.29,2461,627,1834,7.58910260142706,17.9253128671112,4.05540367199195,1.4597112092181,0.0358445798249502,3.82771279027139,9.56524481029347,1.8661901203947,1.05831524750025,0.216777476401607,3.230842747331,9.00295793742512,1.25749693261507,0.43835612134947,0.0899449720311125,2.24340902382117,4.94085850258883,1.32121664476592,0.392961217000155,0.0391234415243288
15-Feb-2022 16:35:07,1,6,123,0.05,2460,0,1,4,2.1903505166712,1,0,0,-1.54119140701361,0,0.5,0,0.701681780684826,0,0,0,2,0,0,0,0,0,0,1,0,-1.12758681236826,-1.59017572842583,0,0,0.05,P2Dcd1_T_adj,KF1,KF2,MMKF,SKF,0.01,5,0.002717,0.2717,0.1,0,0,0,0,0.1,0,0,0,0,0.1,0,0,0,0,0.01,0.0001,0,0,0,0,0.0001,0,0,0,0,0.0001,0,0,0,0,7.382089e-06,25,0.1,0,0,0,0,0.1,0,0,0,0,0.1,0,0,0,0,0.01,0.0001,0,0,0,0,0.0001,0,0,0,0,0.0001,0,0,0,0,0.000729,25,0.1,0,0,0,0,0.1,0,0,0,0,0.1,0,0,0,0,0.01,0.0001,0,0,0,0,0.0001,0,0,0,0,0.0001,0,0,0,0,0,25,25,0.01,100,20,18,0.002717,0.2717,0.1,0,0,0,0,0.1,0,0,0,0,0.1,0,0,0,0,0.01,0.0001,0,0,0,0,0.0001,0,0,0,0,0.0001,0,0,0,0,0,25,0.002717,0.2717,1.29,2461,627,1834,6.29669575777624,16.2668085649179,2.88815664650151,1.18877984548045,0.0591013117515348,3.58060276336562,7.65363279501964,2.18813284523746,1.38861331814023,0.36042077327906,3.27423099182597,8.72085390012288,1.41216307279535,0.624451293426949,0.136084545794292,2.17750966830441,4.70361974946217,1.31389406258689,0.454009955085216,0.0612465882103748
15-Feb-2022 16:35:18,1,6,123,0.05,2460,0,1,4,2.1903505166712,1,0,0,-1.54119140701361,0,0.5,0,0.701681780684826,0,0,0,2,0,0,0,0,0,0,1,0,-1.47076540743686,-2.07414225446847,0,0,0.05,P2Dcd1_T_adj,KF1,KF2,MMKF,SKF,0.01,5,0.002717,0.2717,0.1,0,0,0,0,0.1,0,0,0,0,0.1,0,0,0,0,0.01,0.0001,0,0,0,0,0.0001,0,0,0,0,0.0001,0,0,0,0,7.382089e-06,25,0.1,0,0,0,0,0.1,0,0,0,0,0.1,0,0,0,0,0.01,0.0001,0,0,0,0,0.0001,0,0,0,0,0.0001,0,0,0,0,0.000729,25,0.1,0,0,0,0,0.1,0,0,0,0,0.1,0,0,0,0,0.01,0.0001,0,0,0,0,0.0001,0,0,0,0,0.0001,0,0,0,0,0,25,25,0.01,100,20,18,0.002717,0.2717,0.1,0,0,0,0,0.1,0,0,0,0,0.1,0,0,0,0,0.01,0.0001,0,0,0,0,0.0001,0,0,0,0,0.0001,0,0,0,0,0,25,0.002717,0.2717,1.29,2461,627,1834,5.29011933271679,14.3321547461098,2.19886731297991,0.99367844990848,0.0932207992666996,3.61285169099966,6.37438880057168,2.66874930948294,1.85346112747122,0.570440408515105,3.34069112888203,8.59616206169119,1.5439734217548,0.772067853493515,0.206439846787844,2.26042031110454,4.83385248264341,1.38062643348465,0.553311843952674,0.0944080639634607
15-Feb-2022 16:35:27,1,6,123,0.05,2460,0,1,4,2.1903505166712,1,0,0,-1.54119140701361,0,0.5,0,0.701681780684826,0,0,0,4,0,0,0,0,0,0,1,0,-0.845690109276197,-1.19263179631937,0,0,0.05,P2Dcd1_T_adj,KF1,KF2,MMKF,SKF,0.01,5,0.002717,0.2717,0.1,0,0,0,0,0.1,0,0,0,0,0.1,0,0,0,0,0.01,0.0001,0,0,0,0,0.0001,0,0,0,0,0.0001,0,0,0,0,7.382089e-06,25,0.1,0,0,0,0,0.1,0,0,0,0,0.1,0,0,0,0,0.01,0.0001,0,0,0,0,0.0001,0,0,0,0,0.0001,0,0,0,0,0.000729,25,0.1,0,0,0,0,0.1,0,0,0,0,0.1,0,0,0,0,0.01,0.0001,0,0,0,0,0.0001,0,0,0,0,0.0001,0,0,0,0,0,25,25,0.01,100,20,18,0.002717,0.2717,0.1,0,0,0,0,0.1,0,0,0,0,0.1,0,0,0,0,0.01,0.0001,0,0,0,0,0.0001,0,0,0,0,0.0001,0,0,0,0,0,25,0.002717,0.2717,1.29,2461,627,1834,7.01947064145206,17.2880352983711,3.50889810061878,1.34308241733581,0.0448379202664101,3.68413598938282,6.01543979971173,2.8871199102791,2.07674558616737,0.666956375319867,3.28090473094637,8.81121166813249,1.39022727750271,0.630901593212505,0.168771831396615,2.21318348433919,5.0031505558754,1.25936159019896,0.395783579989877,0.047882102033704
15-Feb-2022 16:35:36,1,6,123,0.05,2460,0,1,4,2.1903505166712,1,0,0,-1.54119140701361,0,0.5,0,0.701681780684826,0,0,0,4,0,0,0,0,0,0,1,0,-0.972543625667626,-1.37152656576728,0,0,0.05,P2Dcd1_T_adj,KF1,KF2,MMKF,SKF,0.01,5,0.002717,0.2717,0.1,0,0,0,0,0.1,0,0,0,0,0.1,0,0,0,0,0.01,0.0001,0,0,0,0,0.0001,0,0,0,0,0.0001,0,0,0,0,7.382089e-06,25,0.1,0,0,0,0,0.1,0,0,0,0,0.1,0,0,0,0,0.01,0.0001,0,0,0,0,0.0001,0,0,0,0,0.0001,0,0,0,0,0.000729,25,0.1,0,0,0,0,0.1,0,0,0,0,0.1,0,0,0,0,0.01,0.0001,0,0,0,0,0.0001,0,0,0,0,0.0001,0,0,0,0,0,25,25,0.01,100,20,18,0.002717,0.2717,0.1,0,0,0,0,0.1,0,0,0,0,0.1,0,0,0,0,0.01,0.0001,0,0,0,0,0.0001,0,0,0,0,0.0001,0,0,0,0,0,25,0.002717,0.2717,1.29,2461,627,1834,6.40643174746728,16.4384030816994,2.97674471008259,1.21193829403179,0.0571187792453217,3.85075943551757,5.66188234997698,3.23158055472911,2.41282036987691,0.844056011998974,3.32202418249879,8.86245932395638,1.42788414231673,0.673203213373036,0.190324513346521,2.28910152905725,5.23786278594245,1.28099176457141,0.43469365937942,0.0595512642024224
15-Feb-2022 16:35:49,1,6,123,0.05,2460,0,1,4,2.1903505166712,1,0,0,-1.54119140701361,0,0.5,0,0.701681780684826,0,0,0,4,0,0,0,0,0,0,1,0,-1.2685351639143,-1.78894769447906,0,0,0.05,P2Dcd1_T_adj,KF1,KF2,MMKF,SKF,0.01,5,0.002717,0.2717,0.1,0,0,0,0,0.1,0,0,0,0,0.1,0,0,0,0,0.01,0.0001,0,0,0,0,0.0001,0,0,0,0,0.0001,0,0,0,0,7.382089e-06,25,0.1,0,0,0,0,0.1,0,0,0,0,0.1,0,0,0,0,0.01,0.0001,0,0,0,0,0.0001,0,0,0,0,0.0001,0,0,0,0,0.000729,25,0.1,0,0,0,0,0.1,0,0,0,0,0.1,0,0,0,0,0.01,0.0001,0,0,0,0,0.0001,0,0,0,0,0.0001,0,0,0,0,0,25,25,0.01,100,20,18,0.002717,0.2717,0.1,0,0,0,0,0.1,0,0,0,0,0.1,0,0,0,0,0.01,0.0001,0,0,0,0,0.0001,0,0,0,0,0.0001,0,0,0,0,0,25,0.002717,0.2717,1.29,2461,627,1834,5.38088640401849,14.5349793981861,2.25132462247918,1.0081763252125,0.0900909524053932,4.35831392319463,5.37111056370228,4.01206338142891,3.17989875226548,1.30686950343108,3.46126131500244,8.98453770660562,1.57298743412174,0.815079927796835,0.273932705326176,2.49400241988901,5.80930758395481,1.36058020731035,0.53631758789238,0.0914645285362223
15-Feb-2022 16:35:58,1,6,123,0.05,2460,0,1,4,2.1903505166712,1,0,0,-1.54119140701361,0,0.5,0,0.701681780684826,0,0,0,4,0,0,0,0,0,0,1,0,-1.69138021855239,-2.38526359263874,0,0,0.05,P2Dcd1_T_adj,KF1,KF2,MMKF,SKF,0.01,5,0.002717,0.2717,0.1,0,0,0,0,0.1,0,0,0,0,0.1,0,0,0,0,0.01,0.0001,0,0,0,0,0.0001,0,0,0,0,0.0001,0,0,0,0,7.382089e-06,25,0.1,0,0,0,0,0.1,0,0,0,0,0.1,0,0,0,0,0.01,0.0001,0,0,0,0,0.0001,0,0,0,0,0.0001,0,0,0,0,0.000729,25,0.1,0,0,0,0,0.1,0,0,0,0,0.1,0,0,0,0,0.01,0.0001,0,0,0,0,0.0001,0,0,0,0,0.0001,0,0,0,0,0,25,25,0.01,100,20,18,0.002717,0.2717,0.1,0,0,0,0,0.1,0,0,0,0,0.1,0,0,0,0,0.01,0.0001,0,0,0,0,0.0001,0,0,0,0,0.0001,0,0,0,0,0,25,0.002717,0.2717,1.29,2461,627,1834,4.51132034834233,12.2221084637109,1.87518940595622,0.920626852088179,0.14616328111138,5.20196936895009,5.57121752416781,5.07573240421644,4.2316322581167,2.06356501576325,3.73900503507516,9.09193320881088,1.90896906728219,1.0731021575103,0.369158826290317,2.80147616920964,6.55811565905994,1.51717248320302,0.702824791947141,0.146663332143777
15-Feb-2022 16:36:07,1,6,123,0.05,2460,0,1,4,2.35401239629364,1,0,0,-1.80987362143415,0,1,0,0.455861225140518,0,0,0,1,0,0,0,0,0,0,1,0,-1.03429126361897,-0.79593219075949,0,0,0.05,P2Dcd1_T_adj,KF1,KF2,MMKF,SKF,0.01,5,0.002717,0.2717,0.1,0,0,0,0,0.1,0,0,0,0,0.1,0,0,0,0,0.01,0.0001,0,0,0,0,0.0001,0,0,0,0,0.0001,0,0,0,0,7.382089e-06,25,0.1,0,0,0,0,0.1,0,0,0,0,0.1,0,0,0,0,0.01,0.0001,0,0,0,0,0.0001,0,0,0,0,0.0001,0,0,0,0,0.000729,25,0.1,0,0,0,0,0.1,0,0,0,0,0.1,0,0,0,0,0.01,0.0001,0,0,0,0,0.0001,0,0,0,0,0.0001,0,0,0,0,0,25,25,0.01,100,20,18,0.002717,0.2717,0.1,0,0,0,0,0.1,0,0,0,0,0.1,0,0,0,0,0.01,0.0001,0,0,0,0,0.0001,0,0,0,0,0.0001,0,0,0,0,0,25,0.002717,0.2717,1.29,2461,627,1834,4.91465605252772,13.4672647302436,1.99072713162921,0.935498075308796,0.106099790502661,3.71308072109938,8.82387325630669,1.96582503976078,1.15717329521453,0.262299235363281,3.5033501800077,9.0706900550621,1.60001206568976,0.793579101569928,0.160867883793058,2.2329786120273,4.60565214461907,1.42181923092857,0.604597201283528,0.107173884714428
15-Feb-2022 16:36:18,1,6,123,0.05,2460,0,1,4,2.35401239629364,1,0,0,-1.80987362143415,0,1,0,0.455861225140518,0,0,0,2,0,0,0,0,0,0,1,0,-0.689527509079313,-0.530621460506326,0,0,0.05,P2Dcd1_T_adj,KF1,KF2,MMKF,SKF,0.01,5,0.002717,0.2717,0.1,0,0,0,0,0.1,0,0,0,0,0.1,0,0,0,0,0.01,0.0001,0,0,0,0,0.0001,0,0,0,0,0.0001,0,0,0,0,7.382089e-06,25,0.1,0,0,0,0,0.1,0,0,0,0,0.1,0,0,0,0,0.01,0.0001,0,0,0,0,0.0001,0,0,0,0,0.0001,0,0,0,0,0.000729,25,0.1,0,0,0,0,0.1,0,0,0,0,0.1,0,0,0,0,0.01,0.0001,0,0,0,0,0.0001,0,0,0,0,0.0001,0,0,0,0,0,25,25,0.01,100,20,18,0.002717,0.2717,0.1,0,0,0,0,0.1,0,0,0,0,0.1,0,0,0,0,0.01,0.0001,0,0,0,0,0.0001,0,0,0,0,0.0001,0,0,0,0,0,25,0.002717,0.2717,1.29,2461,627,1834,6.23740071213844,16.2294172311022,2.8213732544556,1.17196836767001,0.0565892750911419,3.5939164867084,7.79549248310574,2.15749982927049,1.35952483120619,0.330513592079843,3.30231796539553,8.83432197416031,1.41106032444923,0.630730027203933,0.127548360418652,2.00249744268967,4.20397400213728,1.24986614346739,0.427871428897164,0.0594310096865964
15-Feb-2022 16:36:28,1,6,123,0.05,2460,0,1,4,2.35401239629364,1,0,0,-1.80987362143415,0,1,0,0.455861225140518,0,0,0,2,0,0,0,0,0,0,1,0,-0.899383707494756,-0.692114948486513,0,0,0.05,P2Dcd1_T_adj,KF1,KF2,MMKF,SKF,0.01,5,0.002717,0.2717,0.1,0,0,0,0,0.1,0,0,0,0,0.1,0,0,0,0,0.01,0.0001,0,0,0,0,0.0001,0,0,0,0,0.0001,0,0,0,0,7.382089e-06,25,0.1,0,0,0,0,0.1,0,0,0,0,0.1,0,0,0,0,0.01,0.0001,0,0,0,0,0.0001,0,0,0,0,0.0001,0,0,0,0,0.000729,25,0.1,0,0,0,0,0.1,0,0,0,0,0.1,0,0,0,0,0.01,0.0001,0,0,0,0,0.0001,0,0,0,0,0.0001,0,0,0,0,0,25,25,0.01,100,20,18,0.002717,0.2717,0.1,0,0,0,0,0.1,0,0,0,0,0.1,0,0,0,0,0.01,0.0001,0,0,0,0,0.0001,0,0,0,0,0.0001,0,0,0,0,0,25,0.002717,0.2717,1.29,2461,627,1834,5.24909287617001,14.3006394972,2.15458920583971,0.980014926687156,0.0889323687663742,3.60806070257885,6.49194220723821,2.62213174760535,1.80596613150602,0.515385264152569,3.34609615382578,8.65946367840469,1.52958500992667,0.754145709194631,0.181373462948079,2.08748651108325,4.25263832054736,1.34727376051946,0.539099897448953,0.0907308904200348
15-Feb-2022 16:36:38,1,6,123,0.05,2460,0,1,4,2.35401239629364,1,0,0,-1.80987362143415,0,1,0,0.455861225140518,0,0,0,2,0,0,0,0,0,0,1,0,-1.03429126361897,-0.79593219075949,0,0,0.05,P2Dcd1_T_adj,KF1,KF2,MMKF,SKF,0.01,5,0.002717,0.2717,0.1,0,0,0,0,0.1,0,0,0,0,0.1,0,0,0,0,0.01,0.0001,0,0,0,0,0.0001,0,0,0,0,0.0001,0,0,0,0,7.382089e-06,25,0.1,0,0,0,0,0.1,0,0,0,0,0.1,0,0,0,0,0.01,0.0001,0,0,0,0,0.0001,0,0,0,0,0.0001,0,0,0,0,0.000729,25,0.1,0,0,0,0,0.1,0,0,0,0,0.1,0,0,0,0,0.01,0.0001,0,0,0,0,0.0001,0,0,0,0,0.0001,0,0,0,0,0,25,25,0.01,100,20,18,0.002717,0.2717,0.1,0,0,0,0,0.1,0,0,0,0,0.1,0,0,0,0,0.01,0.0001,0,0,0,0,0.0001,0,0,0,0,0.0001,0,0,0,0,0,25,0.002717,0.2717,1.29,2461,627,1834,4.81425004615525,13.1924705642945,1.94994019616978,0.925779671731121,0.112685734434082,3.70928466122708,6.01132687484889,2.92227241044144,2.0955943114933,0.647779319820146,3.41337808405716,8.60468473178128,1.63859658562586,0.869382583150991,0.230758015770228,2.1828480743606,4.39940184246365,1.42506224415307,0.618209709845993,0.113993885065301
15-Feb-2022 16:36:51,1,6,123,0.05,2460,0,1,4,2.35401239629364,1,0,0,-1.80987362143415,0,1,0,0.455861225140518,0,0,0,2,0,0,0,0,0,0,1,0,-1.18943495316181,-0.915322019373413,0,0,0.05,P2Dcd1_T_adj,KF1,KF2,MMKF,SKF,0.01,5,0.002717,0.2717,0.1,0,0,0,0,0.1,0,0,0,0,0.1,0,0,0,0,0.01,0.0001,0,0,0,0,0.0001,0,0,0,0,0.0001,0,0,0,0,7.382089e-06,25,0.1,0,0,0,0,0.1,0,0,0,0,0.1,0,0,0,0,0.01,0.0001,0,0,0,0,0.0001,0,0,0,0,0.0001,0,0,0,0,0.000729,25,0.1,0,0,0,0,0.1,0,0,0,0,0.1,0,0,0,0,0.01,0.0001,0,0,0,0,0.0001,0,0,0,0,0.0001,0,0,0,0,0,25,25,0.01,100,20,18,0.002717,0.2717,0.1,0,0,0,0,0.1,0,0,0,0,0.1,0,0,0,0,0.01,0.0001,0,0,0,0,0.0001,0,0,0,0,0.0001,0,0,0,0,0,25,0.002717,0.2717,1.29,2461,627,1834,4.44307971406931,12.0597413414216,1.83912832892761,0.913262887671762,0.142575518166257,3.87404272204637,5.67125255079511,3.25962038691797,2.42355785574387,0.811032906883909,3.57603429840312,8.6118306765239,1.85441797938364,1.05029770852577,0.29070426780194,2.31109725934296,4.61692894674718,1.52278947962516,0.714269084287101,0.143453022481826
15-Feb-2022 16:37:01,1,6,123,0.05,2460,0,1,4,2.35401239629364,1,0,0,-1.80987362143415,0,1,0,0.455861225140518,0,0,0,2,0,0,0,0,0,0,1,0,-1.55143689542845,-1.19389828613923,0,0,0.05,P2Dcd1_T_adj,KF1,KF2,MMKF,SKF,0.01,5,0.002717,0.2717,0.1,0,0,0,0,0.1,0,0,0,0,0.1,0,0,0,0,0.01,0.0001,0,0,0,0,0.0001,0,0,0,0,0.0001,0,0,0,0,7.382089e-06,25,0.1,0,0,0,0,0.1,0,0,0,0,0.1,0,0,0,0,0.01,0.0001,0,0,0,0,0.0001,0,0,0,0,0.0001,0,0,0,0,0.000729,25,0.1,0,0,0,0,0.1,0,0,0,0,0.1,0,0,0,0,0.01,0.0001,0,0,0,0,0.0001,0,0,0,0,0.0001,0,0,0,0,0,25,25,0.01,100,20,18,0.002717,0.2717,0.1,0,0,0,0,0.1,0,0,0,0,0.1,0,0,0,0,0.01,0.0001,0,0,0,0,0.0001,0,0,0,0,0.0001,0,0,0,0,0,25,0.002717,0.2717,1.29,2461,627,1834,3.92141586971176,9.96091035601807,1.85665957586549,1.01648620284856,0.221610624351742,4.36238109383258,5.38663495920976,4.01221360550569,3.16201439885251,1.22929621533904,3.60925402730347,8.11251502886054,2.06969860310701,1.24920429840977,0.396239236094628,2.64274819738061,5.19468407841696,1.77030337872751,0.952294402220436,0.221865228414588
15-Feb-2022 16:37:10,1,6,123,0.05,2460,0,1,4,2.35401239629364,1,0,0,-1.80987362143415,0,1,0,0.455861225140518,0,0,0,2,0,0,0,0,0,0,1,0,-2.06858252723794,-1.59186438151898,0,0,0.05,P2Dcd1_T_adj,KF1,KF2,MMKF,SKF,0.01,5,0.002717,0.2717,0.1,0,0,0,0,0.1,0,0,0,0,0.1,0,0,0,0,0.01,0.0001,0,0,0,0,0.0001,0,0,0,0,0.0001,0,0,0,0,7.382089e-06,25,0.1,0,0,0,0,0.1,0,0,0,0,0.1,0,0,0,0,0.01,0.0001,0,0,0,0,0.0001,0,0,0,0,0.0001,0,0,0,0,0.000729,25,0.1,0,0,0,0,0.1,0,0,0,0,0.1,0,0,0,0,0.01,0.0001,0,0,0,0,0.0001,0,0,0,0,0.0001,0,0,0,0,0,25,25,0.01,100,20,18,0.002717,0.2717,0.1,0,0,0,0,0.1,0,0,0,0,0.1,0,0,0,0,0.01,0.0001,0,0,0,0,0.0001,0,0,0,0,0.0001,0,0,0,0,0,25,0.002717,0.2717,1.29,2461,627,1834,3.63360315150973,7.98812856582551,2.14489680757515,1.31405038495464,0.353085980880671,5.15720091161966,5.55433481076581,5.02143048917436,4.15929275795109,1.89532525453315,3.71080835035645,7.46865701906994,2.42609127550184,1.58499741185246,0.570854274766943,3.13017181936787,6.01562717946842,2.14370480149271,1.30897856711766,0.352970766479147
15-Feb-2022 16:37:20,1,6,123,0.05,2460,0,1,4,2.48231618401087,1,0,0,-2.02988457188085,0,1,0,0.547568387869978,0,0,0,1,0,0,0,0,0,0,1,0,-0.644958267600505,-0.527623835747651,0,0,0.05,P2Dcd1_T_adj,KF1,KF2,MMKF,SKF,0.01,5,0.002717,0.2717,0.1,0,0,0,0,0.1,0,0,0,0,0.1,0,0,0,0,0.01,0.0001,0,0,0,0,0.0001,0,0,0,0,0.0001,0,0,0,0,7.382089e-06,25,0.1,0,0,0,0,0.1,0,0,0,0,0.1,0,0,0,0,0.01,0.0001,0,0,0,0,0.0001,0,0,0,0,0.0001,0,0,0,0,0.000729,25,0.1,0,0,0,0,0.1,0,0,0,0,0.1,0,0,0,0,0.01,0.0001,0,0,0,0,0.0001,0,0,0,0,0.0001,0,0,0,0,0,25,25,0.01,100,20,18,0.002717,0.2717,0.1,0,0,0,0,0.1,0,0,0,0,0.1,0,0,0,0,0.01,0.0001,0,0,0,0,0.0001,0,0,0,0,0.0001,0,0,0,0,0,25,0.002717,0.2717,1.29,2461,627,1834,4.76100878667618,13.1356234734332,1.89793168275214,0.9106995949544,0.108310721055981,3.72771253662021,8.9208532600504,1.95230401230684,1.14881062134645,0.24724521342085,3.60275822479465,9.30575593212605,1.65304199660667,0.861090667070068,0.163925969834127,2.2623684787198,4.70068294034631,1.42876806026843,0.625719745885587,0.110049755164639
15-Feb-2022 16:37:29,1,6,123,0.05,2460,0,1,4,2.48231618401087,1,0,0,-2.02988457188085,0,1,0,0.547568387869978,0,0,0,1,0,0,0,0,0,0,1,0,-0.859944356800674,-0.703498447663535,0,0,0.05,P2Dcd1_T_adj,KF1,KF2,MMKF,SKF,0.01,5,0.002717,0.2717,0.1,0,0,0,0,0.1,0,0,0,0,0.1,0,0,0,0,0.01,0.0001,0,0,0,0,0.0001,0,0,0,0,0.0001,0,0,0,0,7.382089e-06,25,0.1,0,0,0,0,0.1,0,0,0,0,0.1,0,0,0,0,0.01,0.0001,0,0,0,0,0.0001,0,0,0,0,0.0001,0,0,0,0,0.000729,25,0.1,0,0,0,0,0.1,0,0,0,0,0.1,0,0,0,0,0.01,0.0001,0,0,0,0,0.0001,0,0,0,0,0.0001,0,0,0,0,0,25,25,0.01,100,20,18,0.002717,0.2717,0.1,0,0,0,0,0.1,0,0,0,0,0.1,0,0,0,0,0.01,0.0001,0,0,0,0,0.0001,0,0,0,0,0.0001,0,0,0,0,0,25,0.002717,0.2717,1.29,2461,627,1834,4.1005392618104,10.848526932658,1.79356637761115,0.946291708313743,0.17390339608525,3.59916267566204,7.22636866204195,2.35910915687241,1.53785160520148,0.394007950489618,3.52812688319508,8.32822141897979,1.88709129217163,1.05352323323265,0.248386423752845,2.33501165053796,4.29425772453759,1.66519306362532,0.852735884025559,0.174879357518563
15-Feb-2022 16:37:38,1,6,123,0.05,2460,0,1,4,2.48231618401087,1,0,0,-2.02988457188085,0,1,0,0.547568387869978,0,0,0,2,0,0,0,0,0,0,1,0,-0.560833276174353,-0.45880333543274,0,0,0.05,P2Dcd1_T_adj,KF1,KF2,MMKF,SKF,0.01,5,0.002717,0.2717,0.1,0,0,0,0,0.1,0,0,0,0,0.1,0,0,0,0,0.01,0.0001,0,0,0,0,0.0001,0,0,0,0,0.0001,0,0,0,0,7.382089e-06,25,0.1,0,0,0,0,0.1,0,0,0,0,0.1,0,0,0,0,0.01,0.0001,0,0,0,0,0.0001,0,0,0,0,0.0001,0,0,0,0,0.000729,25,0.1,0,0,0,0,0.1,0,0,0,0,0.1,0,0,0,0,0.01,0.0001,0,0,0,0,0.0001,0,0,0,0,0.0001,0,0,0,0,0,25,25,0.01,100,20,18,0.002717,0.2717,0.1,0,0,0,0,0.1,0,0,0,0,0.1,0,0,0,0,0.01,0.0001,0,0,0,0,0.0001,0,0,0,0,0.0001,0,0,0,0,0,25,0.002717,0.2717,1.29,2461,627,1834,5.08493860341597,14.0008931715959,2.03679055856929,0.94591024712544,0.0904704817040257,3.61448863389424,6.65846348599071,2.57382765665078,1.75658928195101,0.465074161302879,3.41832785225512,8.83449778734226,1.56667106419643,0.795671827471843,0.179122864566925,2.07257830791292,4.14100639382081,1.36543304626394,0.566872241835418,0.0932974328283921
15-Feb-2022 16:37:48,1,6,123,0.05,2460,0,1,4,2.48231618401087,1,0,0,-2.02988457188085,0,1,0,0.547568387869978,0,0,0,2,0,0,0,0,0,0,1,0,-0.644958267600505,-0.527623835747651,0,0,0.05,P2Dcd1_T_adj,KF1,KF2,MMKF,SKF,0.01,5,0.002717,0.2717,0.1,0,0,0,0,0.1,0,0,0,0,0.1,0,0,0,0,0.01,0.0001,0,0,0,0,0.0001,0,0,0,0,0.0001,0,0,0,0,7.382089e-06,25,0.1,0,0,0,0,0.1,0,0,0,0,0.1,0,0,0,0,0.01,0.0001,0,0,0,0,0.0001,0,0,0,0,0.0001,0,0,0,0,0.000729,25,0.1,0,0,0,0,0.1,0,0,0,0,0.1,0,0,0,0,0.01,0.0001,0,0,0,0,0.0001,0,0,0,0,0.0001,0,0,0,0,0,25,25,0.01,100,20,18,0.002717,0.2717,0.1,0,0,0,0,0.1,0,0,0,0,0.1,0,0,0,0,0.01,0.0001,0,0,0,0,0.0001,0,0,0,0,0.0001,0,0,0,0,0,25,0.002717,0.2717,1.29,2461,627,1834,4.6795614854859,12.8964522738819,1.870406346814,0.905459587029183,0.113986564951136,3.70080169133491,6.15854578049921,2.8605587557264,2.03131516699414,0.579397824827167,3.5285879902409,8.78979883974059,1.72990794518293,0.943624532612791,0.218960328745842,2.16839253877877,4.24230088517761,1.45937370933925,0.655377079939561,0.116259035546158
15-Feb-2022 16:37:57,1,6,123,0.05,2460,0,1,4,2.48231618401087,1,0,0,-2.02988457188085,0,1,0,0.547568387869978,0,0,0,2,0,0,0,0,0,0,1,0,-0.741702007740581,-0.606767411109799,0,0,0.05,P2Dcd1_T_adj,KF1,KF2,MMKF,SKF,0.01,5,0.002717,0.2717,0.1,0,0,0,0,0.1,0,0,0,0,0.1,0,0,0,0,0.01,0.0001,0,0,0,0,0.0001,0,0,0,0,0.0001,0,0,0,0,7.382089e-06,25,0.1,0,0,0,0,0.1,0,0,0,0,0.1,0,0,0,0,0.01,0.0001,0,0,0,0,0.0001,0,0,0,0,0.0001,0,0,0,0,0.000729,25,0.1,0,0,0,0,0.1,0,0,0,0,0.1,0,0,0,0,0.01,0.0001,0,0,0,0,0.0001,0,0,0,0,0.0001,0,0,0,0,0,25,25,0.01,100,20,18,0.002717,0.2717,0.1,0,0,0,0,0.1,0,0,0,0,0.1,0,0,0,0,0.01,0.0001,0,0,0,0,0.0001,0,0,0,0,0.0001,0,0,0,0,0,25,0.002717,0.2717,1.29,2461,627,1834,4.33805232566491,11.7783700213116,1.79438864236585,0.908220015776244,0.143508813582279,3.84569160358276,5.79518925466296,3.17920576539994,2.33951392501031,0.719101318584842,3.63444041100973,8.74596625298679,1.88693402991943,1.10607192215593,0.281699228011646,2.29660415918955,4.41884934185941,1.57106014090491,0.760125575448177,0.145260866347348
15-Feb-2022 16:38:06,1,6,123,0.05,2460,0,1,4,2.48231618401087,1,0,0,-2.02988457188085,0,1,0,0.547568387869978,0,0,0,2,0,0,0,0,0,0,1,0,-0.967437401400758,-0.791435753621477,0,0,0.05,P2Dcd1_T_adj,KF1,KF2,MMKF,SKF,0.01,5,0.002717,0.2717,0.1,0,0,0,0,0.1,0,0,0,0,0.1,0,0,0,0,0.01,0.0001,0,0,0,0,0.0001,0,0,0,0,0.0001,0,0,0,0,7.382089e-06,25,0.1,0,0,0,0,0.1,0,0,0,0,0.1,0,0,0,0,0.01,0.0001,0,0,0,0,0.0001,0,0,0,0,0.0001,0,0,0,0,0.000729,25,0.1,0,0,0,0,0.1,0,0,0,0,0.1,0,0,0,0,0.01,0.0001,0,0,0,0,0.0001,0,0,0,0,0.0001,0,0,0,0,0,25,25,0.01,100,20,18,0.002717,0.2717,0.1,0,0,0,0,0.1,0,0,0,0,0.1,0,0,0,0,0.01,0.0001,0,0,0,0,0.0001,0,0,0,0,0.0001,0,0,0,0,0,25,0.002717,0.2717,1.29,2461,627,1834,3.87062349350058,9.73361040626922,1.86621084665982,1.04023877642748,0.221448710149391,4.27969382075166,5.45400294412033,3.87822608882572,3.02349982032953,1.07251364099365,3.66890883493202,8.17184683009364,2.12946383876717,1.31093834143267,0.386304499592589,2.62687226090404,4.93306759036553,1.83844016081007,1.01166703171585,0.222340331776118
15-Feb-2022 16:38:15,1,6,123,0.05,2460,0,1,4,2.48231618401087,1,0,0,-2.02988457188085,0,1,0,0.547568387869978,0,0,0,2,0,0,0,0,0,0,1,0,-1.28991653520101,-1.0552476714953,0,0,0.05,P2Dcd1_T_adj,KF1,KF2,MMKF,SKF,0.01,5,0.002717,0.2717,0.1,0,0,0,0,0.1,0,0,0,0,0.1,0,0,0,0,0.01,0.0001,0,0,0,0,0.0001,0,0,0,0,0.0001,0,0,0,0,7.382089e-06,25,0.1,0,0,0,0,0.1,0,0,0,0,0.1,0,0,0,0,0.01,0.0001,0,0,0,0,0.0001,0,0,0,0,0.0001,0,0,0,0,0.000729,25,0.1,0,0,0,0,0.1,0,0,0,0,0.1,0,0,0,0,0.01,0.0001,0,0,0,0,0.0001,0,0,0,0,0.0001,0,0,0,0,0,25,25,0.01,100,20,18,0.002717,0.2717,0.1,0,0,0,0,0.1,0,0,0,0,0.1,0,0,0,0,0.01,0.0001,0,0,0,0,0.0001,0,0,0,0,0.0001,0,0,0,0,0,25,0.002717,0.2717,1.29,2461,627,1834,3.63290544410816,7.84422863314852,2.19315645854201,1.36160524644683,0.350456710812041,4.98560029200804,5.53297700874186,4.79846550389893,3.93183219901758,1.62606619892741,3.76256022597795,7.42388679859232,2.51084170851384,1.66961607254002,0.567224230633826,3.1102106281356,5.70823057899294,2.2220107867029,1.3762485732561,0.350664888401959
15-Feb-2022 16:38:25,1,6,123,0.05,2460,0,1,4,2.5410992780136,2,0,0,-1.06670875601251,0,0.5,0,0.592318234011425,0,0,0,1,0,0,0,0,0,0,1,0,-0.250138193648779,-0.420128251983314,0,0,0.05,P2Dcd1_T_adj,KF1,KF2,MMKF,SKF,0.01,5,0.002717,0.2717,0.1,0,0,0,0,0.1,0,0,0,0,0.1,0,0,0,0,0.01,0.0001,0,0,0,0,0.0001,0,0,0,0,0.0001,0,0,0,0,7.382089e-06,25,0.1,0,0,0,0,0.1,0,0,0,0,0.1,0,0,0,0,0.01,0.0001,0,0,0,0,0.0001,0,0,0,0,0.0001,0,0,0,0,0.000729,25,0.1,0,0,0,0,0.1,0,0,0,0,0.1,0,0,0,0,0.01,0.0001,0,0,0,0,0.0001,0,0,0,0,0.0001,0,0,0,0,0,25,25,0.01,100,20,18,0.002717,0.2717,0.1,0,0,0,0,0.1,0,0,0,0,0.1,0,0,0,0,0.01,0.0001,0,0,0,0,0.0001,0,0,0,0,0.0001,0,0,0,0,0,25,0.002717,0.2717,1.29,2461,627,1834,5.71105081294946,15.4511122603584,2.38116066707957,1.05055560004195,0.0646284584202238,3.8332909699502,9.64012993020214,1.84807394264489,1.05451293009672,0.202222563652884,3.49638992827284,9.64915076239242,1.39291062456892,0.619490035872281,0.104799614332754,2.20157330810329,4.95908185823135,1.25884819309223,0.467917103757841,0.0686583363250035
15-Feb-2022 16:38:34,1,6,123,0.05,2460,0,1,4,2.5410992780136,2,0,0,-1.06670875601251,0,0.5,0,0.592318234011425,0,0,0,1,0,0,0,0,0,0,1,0,-0.333517591531706,-0.560171002644419,0,0,0.05,P2Dcd1_T_adj,KF1,KF2,MMKF,SKF,0.01,5,0.002717,0.2717,0.1,0,0,0,0,0.1,0,0,0,0,0.1,0,0,0,0,0.01,0.0001,0,0,0,0,0.0001,0,0,0,0,0.0001,0,0,0,0,7.382089e-06,25,0.1,0,0,0,0,0.1,0,0,0,0,0.1,0,0,0,0,0.01,0.0001,0,0,0,0,0.0001,0,0,0,0,0.0001,0,0,0,0,0.000729,25,0.1,0,0,0,0,0.1,0,0,0,0,0.1,0,0,0,0,0.01,0.0001,0,0,0,0,0.0001,0,0,0,0,0.0001,0,0,0,0,0,25,25,0.01,100,20,18,0.002717,0.2717,0.1,0,0,0,0,0.1,0,0,0,0,0.1,0,0,0,0,0.01,0.0001,0,0,0,0,0.0001,0,0,0,0,0.0001,0,0,0,0,0,25,0.002717,0.2717,1.29,2461,627,1834,4.787827042305,13.28053582855,1.8843764376291,0.905607796389308,0.103222024877535,3.62065622992988,7.79963010560994,2.19196668791712,1.38784971796229,0.320740162497142,3.52290298428595,9.03887599083265,1.63712595314921,0.848177428749606,0.165607560016604,2.19666058663932,4.43810034076518,1.4303668429987,0.631951003730533,0.106235435560658
15-Feb-2022 16:38:43,1,6,123,0.05,2460,0,1,4,2.5410992780136,2,0,0,-1.06670875601251,0,0.5,0,0.592318234011425,0,0,0,1,0,0,0,0,0,0,1,0,-0.435022945476138,-0.730657829536199,0,0,0.05,P2Dcd1_T_adj,KF1,KF2,MMKF,SKF,0.01,5,0.002717,0.2717,0.1,0,0,0,0,0.1,0,0,0,0,0.1,0,0,0,0,0.01,0.0001,0,0,0,0,0.0001,0,0,0,0,0.0001,0,0,0,0,7.382089e-06,25,0.1,0,0,0,0,0.1,0,0,0,0,0.1,0,0,0,0,0.01,0.0001,0,0,0,0,0.0001,0,0,0,0,0.0001,0,0,0,0,0.000729,25,0.1,0,0,0,0,0.1,0,0,0,0,0.1,0,0,0,0,0.01,0.0001,0,0,0,0,0.0001,0,0,0,0,0.0001,0,0,0,0,0,25,25,0.01,100,20,18,0.002717,0.2717,0.1,0,0,0,0,0.1,0,0,0,0,0.1,0,0,0,0,0.01,0.0001,0,0,0,0,0.0001,0,0,0,0,0.0001,0,0,0,0,0,25,0.002717,0.2717,1.29,2461,627,1834,4.16871472432987,11.1849938038967,1.77001953191526,0.925470241242936,0.158612581572108,3.65376840096251,6.55692082564057,2.66125118707312,1.83087333546438,0.485341841354596,3.56405732977886,8.41531425868825,1.90553056073513,1.10410073927348,0.262595012761817,2.34513609422213,4.35839003667702,1.65685353047119,0.841941329811426,0.160686401301886
15-Feb-2022 16:38:52,1,6,123,0.05,2460,0,1,4,2.5410992780136,2,0,0,-1.06670875601251,0,0.5,0,0.592318234011425,0,0,0,1,0,0,0,0,0,0,1,0,-0.500276387297559,-0.840256503966629,0,0,0.05,P2Dcd1_T_adj,KF1,KF2,MMKF,SKF,0.01,5,0.002717,0.2717,0.1,0,0,0,0,0.1,0,0,0,0,0.1,0,0,0,0,0.01,0.0001,0,0,0,0,0.0001,0,0,0,0,0.0001,0,0,0,0,7.382089e-06,25,0.1,0,0,0,0,0.1,0,0,0,0,0.1,0,0,0,0,0.01,0.0001,0,0,0,0,0.0001,0,0,0,0,0.0001,0,0,0,0,0.000729,25,0.1,0,0,0,0,0.1,0,0,0,0,0.1,0,0,0,0,0.01,0.0001,0,0,0,0,0.0001,0,0,0,0,0.0001,0,0,0,0,0,25,25,0.01,100,20,18,0.002717,0.2717,0.1,0,0,0,0,0.1,0,0,0,0,0.1,0,0,0,0,0.01,0.0001,0,0,0,0,0.0001,0,0,0,0,0.0001,0,0,0,0,0,25,0.002717,0.2717,1.29,2461,627,1834,3.93728057564232,10.1236591624617,1.82230817982129,1.00212377919123,0.198421294158781,3.75460773563907,6.09911470698892,2.95307781686242,2.10986513167125,0.600352712598773,3.57648658460992,8.10877196536306,2.02700843099366,1.21969502169775,0.308198085491258,2.47627626456169,4.4457316753978,1.8029673536597,0.978150253879135,0.200022063936471
15-Feb-2022 16:39:02,1,6,123,0.05,2460,0,1,4,2.5410992780136,2,0,0,-1.06670875601251,0,0.5,0,0.592318234011425,0,0,0,1,0,0,0,0,0,0,1,0,-0.575317845392193,-0.966294979561623,0,0,0.05,P2Dcd1_T_adj,KF1,KF2,MMKF,SKF,0.01,5,0.002717,0.2717,0.1,0,0,0,0,0.1,0,0,0,0,0.1,0,0,0,0,0.01,0.0001,0,0,0,0,0.0001,0,0,0,0,0.0001,0,0,0,0,7.382089e-06,25,0.1,0,0,0,0,0.1,0,0,0,0,0.1,0,0,0,0,0.01,0.0001,0,0,0,0,0.0001,0,0,0,0,0.0001,0,0,0,0,0.000729,25,0.1,0,0,0,0,0.1,0,0,0,0,0.1,0,0,0,0,0.01,0.0001,0,0,0,0,0.0001,0,0,0,0,0.0001,0,0,0,0,0,25,25,0.01,100,20,18,0.002717,0.2717,0.1,0,0,0,0,0.1,0,0,0,0,0.1,0,0,0,0,0.01,0.0001,0,0,0,0,0.0001,0,0,0,0,0.0001,0,0,0,0,0,25,0.002717,0.2717,1.29,2461,627,1834,3.77081694458692,9.13071672275161,1.93839755477816,1.12309803730088,0.247682827848083,3.91059224516359,5.77362181805718,3.27366774014492,2.41979639532172,0.73974712427822,3.61224082030941,7.78647403481811,2.18517199506571,1.36510171473889,0.366721109462695,2.64204043829655,4.61003416495048,1.96923124167059,1.13440839401067,0.248837539851634
15-Feb-2022 16:39:11,1,6,123,0.05,2460,0,1,4,2.5410992780136,2,0,0,-1.06670875601251,0,0.5,0,0.592318234011425,0,0,0,2,0,0,0,0,0,0,1,0,-0.375207290473169,-0.630192377974972,0,0,0.05,P2Dcd1_T_adj,KF1,KF2,MMKF,SKF,0.01,5,0.002717,0.2717,0.1,0,0,0,0,0.1,0,0,0,0,0.1,0,0,0,0,0.01,0.0001,0,0,0,0,0.0001,0,0,0,0,0.0001,0,0,0,0,7.382089e-06,25,0.1,0,0,0,0,0.1,0,0,0,0,0.1,0,0,0,0,0.01,0.0001,0,0,0,0,0.0001,0,0,0,0,0.0001,0,0,0,0,0.000729,25,0.1,0,0,0,0,0.1,0,0,0,0,0.1,0,0,0,0,0.01,0.0001,0,0,0,0,0.0001,0,0,0,0,0.0001,0,0,0,0,0,25,25,0.01,100,20,18,0.002717,0.2717,0.1,0,0,0,0,0.1,0,0,0,0,0.1,0,0,0,0,0.01,0.0001,0,0,0,0,0.0001,0,0,0,0,0.0001,0,0,0,0,0,25,0.002717,0.2717,1.29,2461,627,1834,4.36592098080476,11.9373000633894,1.77745059651873,0.899388073322782,0.136178237678546,4.17714629253025,5.53641326485872,3.71244596992941,2.8657198089986,0.94213464123855,3.73666210162592,9.08842781453185,1.90702355092143,1.14777046379943,0.291368953560667,2.43950464552509,4.90949823159879,1.59507390481178,0.776810968032165,0.139119870382218
15-Feb-2022 16:39:20,1,6,123,0.05,2460,0,1,4,2.5410992780136,2,0,0,-1.06670875601251,0,0.5,0,0.592318234011425,0,0,0,2,0,0,0,0,0,0,1,0,-0.500276387297559,-0.840256503966629,0,0,0.05,P2Dcd1_T_adj,KF1,KF2,MMKF,SKF,0.01,5,0.002717,0.2717,0.1,0,0,0,0,0.1,0,0,0,0,0.1,0,0,0,0,0.01,0.0001,0,0,0,0,0.0001,0,0,0,0,0.0001,0,0,0,0,7.382089e-06,25,0.1,0,0,0,0,0.1,0,0,0,0,0.1,0,0,0,0,0.01,0.0001,0,0,0,0,0.0001,0,0,0,0,0.0001,0,0,0,0,0.000729,25,0.1,0,0,0,0,0.1,0,0,0,0,0.1,0,0,0,0,0.01,0.0001,0,0,0,0,0.0001,0,0,0,0,0.0001,0,0,0,0,0,25,25,0.01,100,20,18,0.002717,0.2717,0.1,0,0,0,0,0.1,0,0,0,0,0.1,0,0,0,0,0.01,0.0001,0,0,0,0,0.0001,0,0,0,0,0.0001,0,0,0,0,0,25,0.002717,0.2717,1.29,2461,627,1834,3.8686594686406,9.74482154764461,1.85974255286331,1.04209578216375,0.215950599594839,4.80902490790985,5.52537112517459,4.56412355664213,3.70676821620007,1.41841528296457,3.80174576339155,8.48232368040513,2.20156999786946,1.39382701739628,0.425518231540188,2.82707552094528,5.59969901479076,1.87918297424893,1.04379487033738,0.217677220455745
15-Feb-2022 16:39:29,1,6,123,0.05,2460,0,1,4,2.59417672673452,2,0,0,-1.11418514366903,0,0.5,0,0.634193560603537,0,0,0,1,0,0,0,0,0,0,1,0,-0.193396266233198,-0.332309972159839,0,0,0.05,P2Dcd1_T_adj,KF1,KF2,MMKF,SKF,0.01,5,0.002717,0.2717,0.1,0,0,0,0,0.1,0,0,0,0,0.1,0,0,0,0,0.01,0.0001,0,0,0,0,0.0001,0,0,0,0,0.0001,0,0,0,0,7.382089e-06,25,0.1,0,0,0,0,0.1,0,0,0,0,0.1,0,0,0,0,0.01,0.0001,0,0,0,0,0.0001,0,0,0,0,0.0001,0,0,0,0,0.000729,25,0.1,0,0,0,0,0.1,0,0,0,0,0.1,0,0,0,0,0.01,0.0001,0,0,0,0,0.0001,0,0,0,0,0.0001,0,0,0,0,0,25,25,0.01,100,20,18,0.002717,0.2717,0.1,0,0,0,0,0.1,0,0,0,0,0.1,0,0,0,0,0.01,0.0001,0,0,0,0,0.0001,0,0,0,0,0.0001,0,0,0,0,0,25,0.002717,0.2717,1.29,2461,627,1834,5.6677734879391,15.4424911388129,2.32603522888903,1.03696362389242,0.0641228599220293,3.86235190223258,9.81975811537815,1.82565959272207,1.03874510449312,0.192809878522331,3.57777030365602,9.9644282695153,1.39432725862126,0.631624303853537,0.10296466879694,2.31560114405699,5.38701409680543,1.26555974745216,0.481812287113886,0.0693684010082474
15-Feb-2022 16:39:39,1,6,123,0.05,2460,0,1,4,2.59417672673452,2,0,0,-1.11418514366903,0,0.5,0,0.634193560603537,0,0,0,1,0,0,0,0,0,0,1,0,-0.257861688310931,-0.443079962879785,0,0,0.05,P2Dcd1_T_adj,KF1,KF2,MMKF,SKF,0.01,5,0.002717,0.2717,0.1,0,0,0,0,0.1,0,0,0,0,0.1,0,0,0,0,0.01,0.0001,0,0,0,0,0.0001,0,0,0,0,0.0001,0,0,0,0,7.382089e-06,25,0.1,0,0,0,0,0.1,0,0,0,0,0.1,0,0,0,0,0.01,0.0001,0,0,0,0,0.0001,0,0,0,0,0.0001,0,0,0,0,0.000729,25,0.1,0,0,0,0,0.1,0,0,0,0,0.1,0,0,0,0,0.01,0.0001,0,0,0,0,0.0001,0,0,0,0,0.0001,0,0,0,0,0,25,25,0.01,100,20,18,0.002717,0.2717,0.1,0,0,0,0,0.1,0,0,0,0,0.1,0,0,0,0,0.01,0.0001,0,0,0,0,0.0001,0,0,0,0,0.0001,0,0,0,0,0,25,0.002717,0.2717,1.29,2461,627,1834,4.76637975209815,13.292495419162,1.85150814727316,0.896701211332669,0.101546020339342,3.64351282635143,7.97228919668563,2.16360945437784,1.36305420050308,0.302707842006983,3.56823427281192,9.18854271068022,1.64678749498017,0.867342705067089,0.161966454400154,2.30804807698629,4.79106694498801,1.45916430913621,0.658584339954515,0.105800880415722
15-Feb-2022 16:39:48,1,6,123,0.05,2460,0,1,4,2.59417672673452,2,0,0,-1.11418514366903,0,0.5,0,0.634193560603537,0,0,0,1,0,0,0,0,0,0,1,0,-0.336341332579476,-0.577930386364937,0,0,0.05,P2Dcd1_T_adj,KF1,KF2,MMKF,SKF,0.01,5,0.002717,0.2717,0.1,0,0,0,0,0.1,0,0,0,0,0.1,0,0,0,0,0.01,0.0001,0,0,0,0,0.0001,0,0,0,0,0.0001,0,0,0,0,7.382089e-06,25,0.1,0,0,0,0,0.1,0,0,0,0,0.1,0,0,0,0,0.01,0.0001,0,0,0,0,0.0001,0,0,0,0,0.0001,0,0,0,0,0.000729,25,0.1,0,0,0,0,0.1,0,0,0,0,0.1,0,0,0,0,0.01,0.0001,0,0,0,0,0.0001,0,0,0,0,0.0001,0,0,0,0,0,25,25,0.01,100,20,18,0.002717,0.2717,0.1,0,0,0,0,0.1,0,0,0,0,0.1,0,0,0,0,0.01,0.0001,0,0,0,0,0.0001,0,0,0,0,0.0001,0,0,0,0,0,25,0.002717,0.2717,1.29,2461,627,1834,4.16517044350202,11.2219212889776,1.75263893853301,0.921577865401568,0.154723772063532,3.66361189502864,6.70586949054704,2.62353800604826,1.79369778118054,0.453726517855368,3.62943856567066,8.57539947008502,1.93853481045375,1.12354509729407,0.253652653942571,2.44685911422691,4.64211373721411,1.69635494377271,0.874784050125309,0.157972481018195
15-Feb-2022 16:39:58,1,6,123,0.05,2460,0,1,4,2.59417672673452,2,0,0,-1.11418514366903,0,0.5,0,0.634193560603537,0,0,0,1,0,0,0,0,0,0,1,0,-0.386792532466397,-0.664619944319677,0,0,0.05,P2Dcd1_T_adj,KF1,KF2,MMKF,SKF,0.01,5,0.002717,0.2717,0.1,0,0,0,0,0.1,0,0,0,0,0.1,0,0,0,0,0.01,0.0001,0,0,0,0,0.0001,0,0,0,0,0.0001,0,0,0,0,7.382089e-06,25,0.1,0,0,0,0,0.1,0,0,0,0,0.1,0,0,0,0,0.01,0.0001,0,0,0,0,0.0001,0,0,0,0,0.0001,0,0,0,0,0.000729,25,0.1,0,0,0,0,0.1,0,0,0,0,0.1,0,0,0,0,0.01,0.0001,0,0,0,0,0.0001,0,0,0,0,0.0001,0,0,0,0,0,25,25,0.01,100,20,18,0.002717,0.2717,0.1,0,0,0,0,0.1,0,0,0,0,0.1,0,0,0,0,0.01,0.0001,0,0,0,0,0.0001,0,0,0,0,0.0001,0,0,0,0,0,25,0.002717,0.2717,1.29,2461,627,1834,3.94160615373044,10.1736867983895,1.81100933573632,1.00041407425548,0.192698236458492,3.75414351542301,6.23100559967341,2.90736460221419,2.06335105432496,0.558494869447006,3.61427529433454,8.21979136631497,2.03976134824309,1.23314500176894,0.297271362079821,2.56980863708311,4.69211151014215,1.84424489585736,1.01161483404174,0.19539803929923
15-Feb-2022 16:40:09,1,6,123,0.05,2460,0,1,4,2.59417672673452,2,0,0,-1.11418514366903,0,0.5,0,0.634193560603537,0,0,0,1,0,0,0,0,0,0,1,0,-0.444811412336357,-0.764312935967629,0,0,0.05,P2Dcd1_T_adj,KF1,KF2,MMKF,SKF,0.01,5,0.002717,0.2717,0.1,0,0,0,0,0.1,0,0,0,0,0.1,0,0,0,0,0.01,0.0001,0,0,0,0,0.0001,0,0,0,0,0.0001,0,0,0,0,7.382089e-06,25,0.1,0,0,0,0,0.1,0,0,0,0,0.1,0,0,0,0,0.01,0.0001,0,0,0,0,0.0001,0,0,0,0,0.0001,0,0,0,0,0.000729,25,0.1,0,0,0,0,0.1,0,0,0,0,0.1,0,0,0,0,0.01,0.0001,0,0,0,0,0.0001,0,0,0,0,0.0001,0,0,0,0,0,25,25,0.01,100,20,18,0.002717,0.2717,0.1,0,0,0,0,0.1,0,0,0,0,0.1,0,0,0,0,0.01,0.0001,0,0,0,0,0.0001,0,0,0,0,0.0001,0,0,0,0,0,25,0.002717,0.2717,1.29,2461,627,1834,3.78157648641557,9.19245408390249,1.93172901988105,1.12286622849898,0.239525949711726,3.89700041555324,5.88651549692612,3.21683359111443,2.3611644521772,0.684897678203324,3.65980125949761,7.89516041822845,2.21183496041133,1.39436653997345,0.356717695823417,2.7252332911955,4.81835760279426,2.00964499055624,1.1665227784841,0.241674583508772
15-Feb-2022 16:40:18,1,6,123,0.05,2460,0,1,4,2.59417672673452,2,0,0,-1.11418514366903,0,0.5,0,0.634193560603537,0,0,0,1,0,0,0,0,0,0,1,0,-0.580188798699595,-0.996929916479516,0,0,0.05,P2Dcd1_T_adj,KF1,KF2,MMKF,SKF,0.01,5,0.002717,0.2717,0.1,0,0,0,0,0.1,0,0,0,0,0.1,0,0,0,0,0.01,0.0001,0,0,0,0,0.0001,0,0,0,0,0.0001,0,0,0,0,7.382089e-06,25,0.1,0,0,0,0,0.1,0,0,0,0,0.1,0,0,0,0,0.01,0.0001,0,0,0,0,0.0001,0,0,0,0,0.0001,0,0,0,0,0.000729,25,0.1,0,0,0,0,0.1,0,0,0,0,0.1,0,0,0,0,0.01,0.0001,0,0,0,0,0.0001,0,0,0,0,0.0001,0,0,0,0,0,25,25,0.01,100,20,18,0.002717,0.2717,0.1,0,0,0,0,0.1,0,0,0,0,0.1,0,0,0,0,0.01,0.0001,0,0,0,0,0.0001,0,0,0,0,0.0001,0,0,0,0,0,25,0.002717,0.2717,1.29,2461,627,1834,3.64680793266134,7.59973294039529,2.29539900144587,1.46312274743555,0.359569736280955,4.30781853073855,5.56113758866075,3.8793392235863,3.00844144774383,0.998789987892883,3.80044743961988,7.27226290343142,2.61351816164288,1.7666157122142,0.521184419864934,3.10757538599433,5.24048930521425,2.37838398613016,1.51766553589779,0.360723062465066
15-Feb-2022 16:40:28,1,6,123,0.05,2460,0,1,4,2.59417672673452,2,0,0,-1.11418514366903,0,0.5,0,0.634193560603537,0,0,0,2,0,0,0,0,0,0,1,0,-0.386792532466397,-0.664619944319677,0,0,0.05,P2Dcd1_T_adj,KF1,KF2,MMKF,SKF,0.01,5,0.002717,0.2717,0.1,0,0,0,0,0.1,0,0,0,0,0.1,0,0,0,0,0.01,0.0001,0,0,0,0,0.0001,0,0,0,0,0.0001,0,0,0,0,7.382089e-06,25,0.1,0,0,0,0,0.1,0,0,0,0,0.1,0,0,0,0,0.01,0.0001,0,0,0,0,0.0001,0,0,0,0,0.0001,0,0,0,0,0.000729,25,0.1,0,0,0,0,0.1,0,0,0,0,0.1,0,0,0,0,0.01,0.0001,0,0,0,0,0.0001,0,0,0,0,0.0001,0,0,0,0,0,25,25,0.01,100,20,18,0.002717,0.2717,0.1,0,0,0,0,0.1,0,0,0,0,0.1,0,0,0,0,0.01,0.0001,0,0,0,0,0.0001,0,0,0,0,0.0001,0,0,0,0,0,25,0.002717,0.2717,1.29,2461,627,1834,3.87803110560247,9.8148940864987,1.84836202761884,1.03921699995273,0.208601561819284,4.71694864490637,5.5618503571345,4.42809729617844,3.56901345638026,1.28818355181493,3.81466403707867,8.54049583936604,2.1990170686849,1.39648139394525,0.403855004744389,2.90058168327616,5.74096619200174,1.92952329343377,1.08246628684327,0.211597526461796
15-Feb-2022 16:40:38,1,6,123,0.05,2460,0,1,4,2.68053498224078,2,0,0,-1.19291439276835,0,0.5,0,0.705293803295914,0,0,0,0.5,0,0,0,0,0,0,1,0,-0.235389273147388,-0.419053482426673,0,0,0.05,P2Dcd1_T_adj,KF1,KF2,MMKF,SKF,0.01,5,0.002717,0.2717,0.1,0,0,0,0,0.1,0,0,0,0,0.1,0,0,0,0,0.01,0.0001,0,0,0,0,0.0001,0,0,0,0,0.0001,0,0,0,0,7.382089e-06,25,0.1,0,0,0,0,0.1,0,0,0,0,0.1,0,0,0,0,0.01,0.0001,0,0,0,0,0.0001,0,0,0,0,0.0001,0,0,0,0,0.000729,25,0.1,0,0,0,0,0.1,0,0,0,0,0.1,0,0,0,0,0.01,0.0001,0,0,0,0,0.0001,0,0,0,0,0.0001,0,0,0,0,0,25,25,0.01,100,20,18,0.002717,0.2717,0.1,0,0,0,0,0.1,0,0,0,0,0.1,0,0,0,0,0.01,0.0001,0,0,0,0,0.0001,0,0,0,0,0.0001,0,0,0,0,0,25,0.002717,0.2717,1.29,2461,627,1834,3.99833916857918,10.5224036853968,1.76792016528329,0.978224260460254,0.175887235871102,3.72504938481738,8.56181173823597,2.07147795864864,1.27384636633295,0.265575784141598,3.85426523402525,9.5424757164494,1.90960439843094,1.03514943216965,0.204690266694618,2.92039382022686,6.13647727365017,1.82089309760069,0.999913244927023,0.1798447100893
15-Feb-2022 16:40:47,1,6,123,0.05,2460,0,1,4,2.68053498224078,2,0,0,-1.19291439276835,0,0.5,0,0.705293803295914,0,0,0,0.5,0,0,0,0,0,0,1,0,-0.313852364196517,-0.558737976568897,0,0,0.05,P2Dcd1_T_adj,KF1,KF2,MMKF,SKF,0.01,5,0.002717,0.2717,0.1,0,0,0,0,0.1,0,0,0,0,0.1,0,0,0,0,0.01,0.0001,0,0,0,0,0.0001,0,0,0,0,0.0001,0,0,0,0,7.382089e-06,25,0.1,0,0,0,0,0.1,0,0,0,0,0.1,0,0,0,0,0.01,0.0001,0,0,0,0,0.0001,0,0,0,0,0.0001,0,0,0,0,0.000729,25,0.1,0,0,0,0,0.1,0,0,0,0,0.1,0,0,0,0,0.01,0.0001,0,0,0,0,0.0001,0,0,0,0,0.0001,0,0,0,0,0,25,25,0.01,100,20,18,0.002717,0.2717,0.1,0,0,0,0,0.1,0,0,0,0,0.1,0,0,0,0,0.01,0.0001,0,0,0,0,0.0001,0,0,0,0,0.0001,0,0,0,0,0,25,0.002717,0.2717,1.29,2461,627,1834,3.7362335634719,8.61609902151962,2.06792623403028,1.26199864102139,0.269219201756124,3.7066667352701,7.10393701519864,2.54522264284087,1.70708123598281,0.402715757647159,3.73099963484976,8.07958000229868,2.24432575786477,1.37997339635234,0.313247972143215,3.05442876874791,5.53521483131361,2.20630834277806,1.35259486681245,0.272352725191668
15-Feb-2022 16:40:56,1,6,123,0.05,2460,0,1,4,2.68053498224078,2,0,0,-1.19291439276835,0,0.5,0,0.705293803295914,0,0,0,1,0,0,0,0,0,0,1,0,-0.20468632447599,-0.364394332544933,0,0,0.05,P2Dcd1_T_adj,KF1,KF2,MMKF,SKF,0.01,5,0.002717,0.2717,0.1,0,0,0,0,0.1,0,0,0,0,0.1,0,0,0,0,0.01,0.0001,0,0,0,0,0.0001,0,0,0,0,0.0001,0,0,0,0,7.382089e-06,25,0.1,0,0,0,0,0.1,0,0,0,0,0.1,0,0,0,0,0.01,0.0001,0,0,0,0,0.0001,0,0,0,0,0.0001,0,0,0,0,0.000729,25,0.1,0,0,0,0,0.1,0,0,0,0,0.1,0,0,0,0,0.01,0.0001,0,0,0,0,0.0001,0,0,0,0,0.0001,0,0,0,0,0,25,25,0.01,100,20,18,0.002717,0.2717,0.1,0,0,0,0,0.1,0,0,0,0,0.1,0,0,0,0,0.01,0.0001,0,0,0,0,0.0001,0,0,0,0,0.0001,0,0,0,0,0,25,0.002717,0.2717,1.29,2461,627,1834,4.19556452972426,11.4581082082073,1.71267745970852,0.908602777033981,0.145287758064227,3.69785807201842,7.09921919628897,2.53501541939157,1.70936213713486,0.393950399376281,3.68555918928353,8.80172405975127,1.93646683716615,1.11732709663948,0.225599213556759,2.76329692900118,5.54405988703578,1.81262169743755,0.967220031219272,0.152146033999817
15-Feb-2022 16:41:05,1,6,123,0.05,2460,0,1,4,2.68053498224078,2,0,0,-1.19291439276835,0,0.5,0,0.705293803295914,0,0,0,1,0,0,0,0,0,0,1,0,-0.235389273147388,-0.419053482426673,0,0,0.05,P2Dcd1_T_adj,KF1,KF2,MMKF,SKF,0.01,5,0.002717,0.2717,0.1,0,0,0,0,0.1,0,0,0,0,0.1,0,0,0,0,0.01,0.0001,0,0,0,0,0.0001,0,0,0,0,0.0001,0,0,0,0,7.382089e-06,25,0.1,0,0,0,0,0.1,0,0,0,0,0.1,0,0,0,0,0.01,0.0001,0,0,0,0,0.0001,0,0,0,0,0.0001,0,0,0,0,0.000729,25,0.1,0,0,0,0,0.1,0,0,0,0,0.1,0,0,0,0,0.01,0.0001,0,0,0,0,0.0001,0,0,0,0,0.0001,0,0,0,0,0,25,25,0.01,100,20,18,0.002717,0.2717,0.1,0,0,0,0,0.1,0,0,0,0,0.1,0,0,0,0,0.01,0.0001,0,0,0,0,0.0001,0,0,0,0,0.0001,0,0,0,0,0,25,0.002717,0.2717,1.29,2461,627,1834,3.98214410222004,10.43441388564,1.77626997233767,0.986861244291411,0.179217487308959,3.76687721608721,6.58054717530729,2.80495188106486,1.96138468011583,0.480312790858302,3.68413982871901,8.46085480364955,2.0510971409974,1.25258990104585,0.270618352224052,2.86577261262325,5.51070152190521,1.9615357390574,1.1037670644469,0.185426078769663
15-Feb-2022 16:41:15,1,6,123,0.05,2460,0,1,4,2.68053498224078,2,0,0,-1.19291439276835,0,0.5,0,0.705293803295914,0,0,0,1,0,0,0,0,0,0,1,0,-0.270697664119496,-0.481911504790674,0,0,0.05,P2Dcd1_T_adj,KF1,KF2,MMKF,SKF,0.01,5,0.002717,0.2717,0.1,0,0,0,0,0.1,0,0,0,0,0.1,0,0,0,0,0.01,0.0001,0,0,0,0,0.0001,0,0,0,0,0.0001,0,0,0,0,7.382089e-06,25,0.1,0,0,0,0,0.1,0,0,0,0,0.1,0,0,0,0,0.01,0.0001,0,0,0,0,0.0001,0,0,0,0,0.0001,0,0,0,0,0.000729,25,0.1,0,0,0,0,0.1,0,0,0,0,0.1,0,0,0,0,0.01,0.0001,0,0,0,0,0.0001,0,0,0,0,0.0001,0,0,0,0,0,25,25,0.01,100,20,18,0.002717,0.2717,0.1,0,0,0,0,0.1,0,0,0,0,0.1,0,0,0,0,0.01,0.0001,0,0,0,0,0.0001,0,0,0,0,0.0001,0,0,0,0,0,25,0.002717,0.2717,1.29,2461,627,1834,3.82904167709034,9.47078803313527,1.90026579637051,1.10768034539205,0.220613396167775,3.88316640739811,6.18775206078629,3.0952846164088,2.23697307945947,0.583506697628311,3.74829019291784,8.20480084639549,2.22471757583471,1.41677429232934,0.32942870690521,2.99541188739137,5.55051482718655,2.12188432836651,1.25348536251658,0.226098287884813
15-Feb-2022 16:41:24,1,6,123,0.05,2460,0,1,4,2.68053498224078,2,0,0,-1.19291439276835,0,0.5,0,0.705293803295914,0,0,0,1,0,0,0,0,0,0,1,0,-0.353083909721082,-0.628580223640009,0,0,0.05,P2Dcd1_T_adj,KF1,KF2,MMKF,SKF,0.01,5,0.002717,0.2717,0.1,0,0,0,0,0.1,0,0,0,0,0.1,0,0,0,0,0.01,0.0001,0,0,0,0,0.0001,0,0,0,0,0.0001,0,0,0,0,7.382089e-06,25,0.1,0,0,0,0,0.1,0,0,0,0,0.1,0,0,0,0,0.01,0.0001,0,0,0,0,0.0001,0,0,0,0,0.0001,0,0,0,0,0.000729,25,0.1,0,0,0,0,0.1,0,0,0,0,0.1,0,0,0,0,0.01,0.0001,0,0,0,0,0.0001,0,0,0,0,0.0001,0,0,0,0,0,25,25,0.01,100,20,18,0.002717,0.2717,0.1,0,0,0,0,0.1,0,0,0,0,0.1,0,0,0,0,0.01,0.0001,0,0,0,0,0.0001,0,0,0,0,0.0001,0,0,0,0,0,25,0.002717,0.2717,1.29,2461,627,1834,3.69723919658056,7.8879268615851,2.26454499485872,1.44039894801041,0.325303565974355,4.22713483548763,5.76598846757767,3.70103820117986,2.82448037401958,0.836434018742168,3.88629897677589,7.62665763541398,2.60756131103648,1.77995240945549,0.457928519042974,3.31459205048007,5.80034412168015,2.46477386692366,1.58115978135447,0.329256206695116
15-Feb-2022 16:41:33,1,6,123,0.05,2460,0,1,4,2.68053498224078,2,0,0,-1.19291439276835,0,0.5,0,0.705293803295914,0,0,0,1,0,0,0,0,0,0,1,0,-0.470778546294776,-0.838106964853345,0,0,0.05,P2Dcd1_T_adj,KF1,KF2,MMKF,SKF,0.01,5,0.002717,0.2717,0.1,0,0,0,0,0.1,0,0,0,0,0.1,0,0,0,0,0.01,0.0001,0,0,0,0,0.0001,0,0,0,0,0.0001,0,0,0,0,7.382089e-06,25,0.1,0,0,0,0,0.1,0,0,0,0,0.1,0,0,0,0,0.01,0.0001,0,0,0,0,0.0001,0,0,0,0,0.0001,0,0,0,0,0.000729,25,0.1,0,0,0,0,0.1,0,0,0,0,0.1,0,0,0,0,0.01,0.0001,0,0,0,0,0.0001,0,0,0,0,0.0001,0,0,0,0,0,25,25,0.01,100,20,18,0.002717,0.2717,0.1,0,0,0,0,0.1,0,0,0,0,0.1,0,0,0,0,0.01,0.0001,0,0,0,0,0.0001,0,0,0,0,0.0001,0,0,0,0,0,25,0.002717,0.2717,1.29,2461,627,1834,3.77184217172186,6.64607673737387,2.78921127059655,1.9232869205807,0.489464948327359,4.77372381744747,5.71663321275498,4.45136602526763,3.5653681807036,1.21774544758171,4.08620390812592,7.01405966254418,3.08524122654455,2.2133332253687,0.650240409550665,3.76840949685666,6.2888860952437,2.90671984190099,2.01330933995181,0.491734021891422
15-Feb-2022 16:41:43,1,6,123,0.05,2460,0,1,4,2.75509075330585,2,0,0,-1.26235644523445,0,0.5,0,0.769622137163053,0,0,0,0.5,0,0,0,0,0,0,1,0,-0.136259289688144,-0.24973935645146,0,0,0.05,P2Dcd1_T_adj,KF1,KF2,MMKF,SKF,0.01,5,0.002717,0.2717,0.1,0,0,0,0,0.1,0,0,0,0,0.1,0,0,0,0,0.01,0.0001,0,0,0,0,0.0001,0,0,0,0,0.0001,0,0,0,0,7.382089e-06,25,0.1,0,0,0,0,0.1,0,0,0,0,0.1,0,0,0,0,0.01,0.0001,0,0,0,0,0.0001,0,0,0,0,0.0001,0,0,0,0,0.000729,25,0.1,0,0,0,0,0.1,0,0,0,0,0.1,0,0,0,0,0.01,0.0001,0,0,0,0,0.0001,0,0,0,0,0.0001,0,0,0,0,0,25,25,0.01,100,20,18,0.002717,0.2717,0.1,0,0,0,0,0.1,0,0,0,0,0.1,0,0,0,0,0.01,0.0001,0,0,0,0,0.0001,0,0,0,0,0.0001,0,0,0,0,0,25,0.002717,0.2717,1.29,2461,627,1834,4.09442021360273,11.0632713534811,1.71193948039457,0.950763057589654,0.158971529300417,3.8254440864439,9.21059047057283,1.98439349601376,1.2083729904534,0.231070881674114,4.07682624395201,10.512723986275,1.87654931677832,0.998195429158209,0.178629027408959,3.29770928188257,7.46227169642598,1.87394666796832,1.04317698280781,0.166738010943592
15-Feb-2022 16:41:52,1,6,123,0.05,2460,0,1,4,2.75509075330585,2,0,0,-1.26235644523445,0,0.5,0,0.769622137163053,0,0,0,0.5,0,0,0,0,0,0,1,0,-0.181679052917525,-0.332985808601947,0,0,0.05,P2Dcd1_T_adj,KF1,KF2,MMKF,SKF,0.01,5,0.002717,0.2717,0.1,0,0,0,0,0.1,0,0,0,0,0.1,0,0,0,0,0.01,0.0001,0,0,0,0,0.0001,0,0,0,0,0.0001,0,0,0,0,7.382089e-06,25,0.1,0,0,0,0,0.1,0,0,0,0,0.1,0,0,0,0,0.01,0.0001,0,0,0,0,0.0001,0,0,0,0,0.0001,0,0,0,0,0.000729,25,0.1,0,0,0,0,0.1,0,0,0,0,0.1,0,0,0,0,0.01,0.0001,0,0,0,0,0.0001,0,0,0,0,0.0001,0,0,0,0,0,25,25,0.01,100,20,18,0.002717,0.2717,0.1,0,0,0,0,0.1,0,0,0,0,0.1,0,0,0,0,0.01,0.0001,0,0,0,0,0.0001,0,0,0,0,0.0001,0,0,0,0,0,25,0.002717,0.2717,1.29,2461,627,1834,3.82832971550742,9.17453934133597,2.00059065585939,1.21526317023585,0.237866450651924,3.77429224405515,7.68306223405644,2.43797883962177,1.61208400612549,0.342781434517964,3.87572749429575,8.8153769042329,2.18698148555497,1.31188241046518,0.268136028071005,3.38414979486892,6.63230938275401,2.27368302191149,1.40164124629359,0.24490906296203
15-Feb-2022 16:42:01,1,6,123,0.05,2460,0,1,4,2.75509075330585,2,0,0,-1.26235644523445,0,0.5,0,0.769622137163053,0,0,0,0.5,0,0,0,0,0,0,1,0,-0.236972677718511,-0.434329315567757,0,0,0.05,P2Dcd1_T_adj,KF1,KF2,MMKF,SKF,0.01,5,0.002717,0.2717,0.1,0,0,0,0,0.1,0,0,0,0,0.1,0,0,0,0,0.01,0.0001,0,0,0,0,0.0001,0,0,0,0,0.0001,0,0,0,0,7.382089e-06,25,0.1,0,0,0,0,0.1,0,0,0,0,0.1,0,0,0,0,0.01,0.0001,0,0,0,0,0.0001,0,0,0,0,0.0001,0,0,0,0,0.000729,25,0.1,0,0,0,0,0.1,0,0,0,0,0.1,0,0,0,0,0.01,0.0001,0,0,0,0,0.0001,0,0,0,0,0.0001,0,0,0,0,0,25,25,0.01,100,20,18,0.002717,0.2717,0.1,0,0,0,0,0.1,0,0,0,0,0.1,0,0,0,0,0.01,0.0001,0,0,0,0,0.0001,0,0,0,0,0.0001,0,0,0,0,0,25,0.002717,0.2717,1.29,2461,627,1834,3.7781456148935,7.75573099367746,2.41830590251752,1.58636491805192,0.34178830295491,3.89972649484373,6.6925189669822,2.94493866494687,2.07618129459752,0.487687453755532,3.89856032938191,7.68160137449046,2.60523059367686,1.71877077790137,0.387435258390948,3.58638901336257,6.2652897768326,2.67053798899196,1.7719454992034,0.347671917477536
15-Feb-2022 16:42:11,1,6,123,0.05,2460,0,1,4,2.75509075330585,2,0,0,-1.26235644523445,0,0.5,0,0.769622137163053,0,0,0,0.5,0,0,0,0,0,0,1,0,-0.272518579376287,-0.499478712902921,0,0,0.05,P2Dcd1_T_adj,KF1,KF2,MMKF,SKF,0.01,5,0.002717,0.2717,0.1,0,0,0,0,0.1,0,0,0,0,0.1,0,0,0,0,0.01,0.0001,0,0,0,0,0.0001,0,0,0,0,0.0001,0,0,0,0,7.382089e-06,25,0.1,0,0,0,0,0.1,0,0,0,0,0.1,0,0,0,0,0.01,0.0001,0,0,0,0,0.0001,0,0,0,0,0.0001,0,0,0,0,0.000729,25,0.1,0,0,0,0,0.1,0,0,0,0,0.1,0,0,0,0,0.01,0.0001,0,0,0,0,0.0001,0,0,0,0,0.0001,0,0,0,0,0,25,25,0.01,100,20,18,0.002717,0.2717,0.1,0,0,0,0,0.1,0,0,0,0,0.1,0,0,0,0,0.01,0.0001,0,0,0,0,0.0001,0,0,0,0,0.0001,0,0,0,0,0,25,0.002717,0.2717,1.29,2461,627,1834,3.82003412353119,7.16828054329757,2.67535009670812,1.81878449410994,0.411860265741944,4.02525330834056,6.34105971295857,3.23353541537681,2.34774876718684,0.584326630083207,3.92430998232886,7.10873547984269,2.83563234495636,1.96554913489574,0.469348583358501,3.73345039007824,6.19781795702031,2.89094304849009,1.98313481853138,0.416968423105239
15-Feb-2022 16:42:20,1,6,123,0.05,2460,0,1,4,2.75509075330585,2,0,0,-1.26235644523445,0,0.5,0,0.769622137163053,0,0,0,0.5,0,0,0,0,0,0,1,0,-0.313396366282731,-0.574400519838359,0,0,0.05,P2Dcd1_T_adj,KF1,KF2,MMKF,SKF,0.01,5,0.002717,0.2717,0.1,0,0,0,0,0.1,0,0,0,0,0.1,0,0,0,0,0.01,0.0001,0,0,0,0,0.0001,0,0,0,0,0.0001,0,0,0,0,7.382089e-06,25,0.1,0,0,0,0,0.1,0,0,0,0,0.1,0,0,0,0,0.01,0.0001,0,0,0,0,0.0001,0,0,0,0,0.0001,0,0,0,0,0.000729,25,0.1,0,0,0,0,0.1,0,0,0,0,0.1,0,0,0,0,0.01,0.0001,0,0,0,0,0.0001,0,0,0,0,0.0001,0,0,0,0,0,25,25,0.01,100,20,18,0.002717,0.2717,0.1,0,0,0,0,0.1,0,0,0,0,0.1,0,0,0,0,0.01,0.0001,0,0,0,0,0.0001,0,0,0,0,0.0001,0,0,0,0,0,25,0.002717,0.2717,1.29,2461,627,1834,3.90504124536884,6.69816199897068,2.95014118402296,2.07182024449589,0.494809188286715,4.18870117160032,6.10087969527177,3.53497383553597,2.63664758106459,0.697883327478149,4.01542877072759,6.70490229416848,3.09596317683585,2.21758884592455,0.559226245274733,3.90690819205365,6.20360808777731,3.12172234984059,2.20780177387851,0.499073950015126
15-Feb-2022 16:42:29,1,6,123,0.05,2460,0,1,4,2.75509075330585,2,0,0,-1.26235644523445,0,0.5,0,0.769622137163053,0,0,0,1,0,0,0,0,0,0,1,0,-0.204388934532216,-0.374609034677191,0,0,0.05,P2Dcd1_T_adj,KF1,KF2,MMKF,SKF,0.01,5,0.002717,0.2717,0.1,0,0,0,0,0.1,0,0,0,0,0.1,0,0,0,0,0.01,0.0001,0,0,0,0,0.0001,0,0,0,0,0.0001,0,0,0,0,7.382089e-06,25,0.1,0,0,0,0,0.1,0,0,0,0,0.1,0,0,0,0,0.01,0.0001,0,0,0,0,0.0001,0,0,0,0,0.0001,0,0,0,0,0.000729,25,0.1,0,0,0,0,0.1,0,0,0,0,0.1,0,0,0,0,0.01,0.0001,0,0,0,0,0.0001,0,0,0,0,0.0001,0,0,0,0,0,25,25,0.01,100,20,18,0.002717,0.2717,0.1,0,0,0,0,0.1,0,0,0,0,0.1,0,0,0,0,0.01,0.0001,0,0,0,0,0.0001,0,0,0,0,0.0001,0,0,0,0,0,25,0.002717,0.2717,1.29,2461,627,1834,3.78187977805477,8.43790275154118,2.19009875058696,1.38285187730951,0.28416497207938,4.16613156309895,6.11504208636088,3.49984644963918,2.61594271947019,0.677960879555037,4.02724490771727,8.17241050424416,2.61011359418271,1.78908836895209,0.416398712673608,3.66750233156915,6.74774549353866,2.61444210116844,1.68926443146282,0.293874048989417
15-Feb-2022 16:42:39,1,6,123,0.05,2460,0,1,4,2.75509075330585,2,0,0,-1.26235644523445,0,0.5,0,0.769622137163053,0,0,0,1,0,0,0,0,0,0,1,0,-0.272518579376287,-0.499478712902921,0,0,0.05,P2Dcd1_T_adj,KF1,KF2,MMKF,SKF,0.01,5,0.002717,0.2717,0.1,0,0,0,0,0.1,0,0,0,0,0.1,0,0,0,0,0.01,0.0001,0,0,0,0,0.0001,0,0,0,0,0.0001,0,0,0,0,7.382089e-06,25,0.1,0,0,0,0,0.1,0,0,0,0,0.1,0,0,0,0,0.01,0.0001,0,0,0,0,0.0001,0,0,0,0,0.0001,0,0,0,0,0.000729,25,0.1,0,0,0,0,0.1,0,0,0,0,0.1,0,0,0,0,0.01,0.0001,0,0,0,0,0.0001,0,0,0,0,0.0001,0,0,0,0,0,25,25,0.01,100,20,18,0.002717,0.2717,0.1,0,0,0,0,0.1,0,0,0,0,0.1,0,0,0,0,0.01,0.0001,0,0,0,0,0.0001,0,0,0,0,0.0001,0,0,0,0,0,25,0.002717,0.2717,1.29,2461,627,1834,3.82560013709464,7.1252584166284,2.69752721382984,1.83884305380652,0.418243961438561,4.60862855219086,5.91693672319573,4.16134980452453,3.26532985941277,0.968644571006115,4.11756215253994,7.30561355783199,3.02764490547445,2.16558982244084,0.569702933156852,4.01586783939804,7.00217013393096,2.99492370707954,2.06581232846967,0.425412990749237
