u1,u2,u3,Time,Filename,sim_model,nT,t,BASE_ORE_DENSITY,BASE_ORE_HARDNESS,BASE_ORE_MIX,C_FLOW,FEED_WATER_RATIO,HC1_PRESS,PB1_LEVEL,SAG_CC,SAG_F_ORE,SAG_F_P80,SAG_F_SD_1,SAG_F_SD_2,SAG_F_SD_3,SAG_F_SD_4,SAG_F_SD_5,SAG_F_SD_6,SAG_F_SD_7,SAG_F_SD_8,SAG_F_SD_9,SAG_F_SD_10,SAG_F_SD_11,SAG_F_SD_12,SAG_F_SD_13,SAG_F_SD_14,SAG_F_SD_15,SAG_F_SD_16,SAG_F_SD_17,SAG_F_SD_18,SAG_F_SD_19,SAG_F_SD_20,SAG_F_SD_21,SAG_F_SD_22,SAG_F_SD_23,SAG_F_SD_24,SAG_F_SOL,SAG_F_WATER,SAG_H_ORE_1,SAG_H_ORE_2,SAG_H_ORE_3,SAG_H_ORE_4,SAG_H_ORE_5,SAG_H_ORE_6,SAG_H_ORE_7,SAG_H_ORE_8,SAG_H_ORE_9,SAG_H_ORE_10,SAG_H_ORE_11,SAG_H_ORE_12,SAG_H_ORE_13,SAG_H_ORE_14,SAG_H_ORE_15,SAG_H_ORE_16,SAG_H_ORE_17,SAG_H_ORE_18,SAG_H_ORE_19,SAG_H_ORE_20,SAG_H_ORE_21,SAG_H_ORE_22,SAG_H_ORE_23,SAG_H_ORE_24,SAG_H_WATER,SAG_IN_HARDNESS,SAG_IN_SOL,SAG_J,SAG_J_SP,SAG_Nc,SAG_OF_ORE,SAG_OF_P80,SAG_OF_SD_1,SAG_OF_SD_2,SAG_OF_SD_3,SAG_OF_SD_4,SAG_OF_SD_5,SAG_OF_SD_6,SAG_OF_SD_7,SAG_OF_SD_8,SAG_OF_SD_9,SAG_OF_SD_10,SAG_OF_SD_11,SAG_OF_SD_12,SAG_OF_SD_13,SAG_OF_SD_14,SAG_OF_SD_15,SAG_OF_SD_16,SAG_OF_SD_17,SAG_OF_SD_18,SAG_OF_SD_19,SAG_OF_SD_20,SAG_OF_SD_21,SAG_OF_SD_22,SAG_OF_SD_23,SAG_OF_SD_24,SAG_OF_SOL,SAG_POW,SAG_PUMP_ORE,SAG_PUMP_P80,SAG_PUMP_SD_1,SAG_PUMP_SD_2,SAG_PUMP_SD_3,SAG_PUMP_SD_4,SAG_PUMP_SD_5,SAG_PUMP_SD_6,SAG_PUMP_SD_7,SAG_PUMP_SD_8,SAG_PUMP_SD_9,SAG_PUMP_SD_10,SAG_PUMP_SD_11,SAG_PUMP_SD_12,SAG_PUMP_SD_13,SAG_PUMP_SD_14,SAG_PUMP_SD_15,SAG_PUMP_SD_16,SAG_PUMP_SD_17,SAG_PUMP_SD_18,SAG_PUMP_SD_19,SAG_PUMP_SD_20,SAG_PUMP_SD_21,SAG_PUMP_SD_22,SAG_PUMP_SD_23,SAG_PUMP_SD_24,SAG_PUMP_SOL,SAG_P_HARDNESS,SAG_P_ORE,SAG_P_P80,SAG_P_SD_1,SAG_P_SD_2,SAG_P_SD_3,SAG_P_SD_4,SAG_P_SD_5,SAG_P_SD_6,SAG_P_SD_7,SAG_P_SD_8,SAG_P_SD_9,SAG_P_SD_10,SAG_P_SD_11,SAG_P_SD_12,SAG_P_SD_13,SAG_P_SD_14,SAG_P_SD_15,SAG_P_SD_16,SAG_P_SD_17,SAG_P_SD_18,SAG_P_SD_19,SAG_P_SD_20,SAG_P_SD_21,SAG_P_SD_22,SAG_P_SD_23,SAG_P_SD_24,SAG_P_SOL,SAG_UF_ORE,SAG_UF_P80,SAG_UF_SD_1,SAG_UF_SD_2,SAG_UF_SD_3,SAG_UF_SD_4,SAG_UF_SD_5,SAG_UF_SD_6,SAG_UF_SD_7,SAG_UF_SD_8,SAG_UF_SD_9,SAG_UF_SD_10,SAG_UF_SD_11,SAG_UF_SD_12,SAG_UF_SD_13,SAG_UF_SD_14,SAG_UF_SD_15,SAG_UF_SD_16,SAG_UF_SD_17,SAG_UF_SD_18,SAG_UF_SD_19,SAG_UF_SD_20,SAG_UF_SD_21,SAG_UF_SD_22,SAG_UF_SD_23,SAG_UF_SD_24,SAG_UF_SOL,SAG_WT,TONNAGE,WATER_ADDITION_2
0.77,32,0.2283,18-Apr-2022 23:08:55,sim_ss_CL_rc_01_01_1_1201.csv,Grinding_circuit_BT_2020a_03_pid_J,1200,20,2.9,1,0.2283,122.724605491053,0.341,8.42913342689581,50.0000573744547,221.543514574374,122.724605491053,101973.768285834,100,78.08,68.42,61.58,47.44,41.7,33.48,28.63,23.19,18.52,14.96,11.75,9.31,7.2,5.7,4.43,3.45,2.68,2.07,1.61,1.24,0.96,0.74,0.58,74.5712155108128,41.8490904724491,0.14882804480216,0.163740353764466,0.233062740517107,0.620555839916476,2.54228506029682,3.53384402756307,2.5397670616073,2.01286977961238,1.89436430660484,1.90736742233387,2.07794445444286,2.30848969629348,2.57517156322961,2.8722451226069,3.19008873770382,3.63084262656819,4.06810383082865,4.45543164597755,4.6641252697102,4.62401727747817,4.307142958993,3.74560307620405,3.00018169231592,12.9668806699448,8.15814264923979,1,81.9892614965883,31.9994895713581,32,0.77,122.724124521277,105.38432584457,100,100,100,100,100,100,100,100,100,100,100,100,100,100,99.99,99.93,99.56,98.22,94.94,88.94,80.18,69.49,58.3,48.1,40.2065449152713,2391.43601811447,344.267639095651,502.595448818192,100,100,100,100,100,100,99.97,99.86,99.64,99.15,98.25,96.81,94.63,91.65,87.77,83,77.16,70.26,62.42,53.99,45.47,37.44,30.38,24.69,61.4155342203357,1,344.267645526525,502.595448818192,100,100,100,100,100,100,99.97,99.86,99.64,99.15,98.25,96.81,94.63,91.65,87.77,83,77.16,70.26,62.42,53.99,45.47,37.44,30.38,24.69,81.9892419479951,221.543514574374,811.095102663274,100,100,100,100,100,100,99.96,99.78,99.43,98.67,97.28,95.04,91.65,87.02,80.99,73.63,64.76,54.78,44.4,34.63,26.25,19.68,14.92,11.73,86.7707632610333,279.476919184647,122.724605491053,300
0.77,31,0.2283,18-Apr-2022 23:08:57,sim_ss_CL_rc_01_02_1_1201.csv,Grinding_circuit_BT_2020a_03_pid_J,1200,20,2.9,1,0.2283,121.405372910791,0.341,8.41861433280562,49.9993918184045,220.651479502285,121.405372910791,101973.768285834,100,78.08,68.42,61.58,47.44,41.7,33.48,28.63,23.19,18.52,14.96,11.75,9.31,7.2,5.7,4.43,3.45,2.68,2.07,1.61,1.24,0.96,0.74,0.58,74.5712155108128,41.3992321625799,0.140236532128119,0.15428803126583,0.21960869450011,0.584733289138669,2.39553879083087,3.32987832067689,2.39318253080181,1.89669682199632,1.78503209757177,1.79728674801134,1.95802177235686,2.17526566786937,2.42656370299501,2.70654711962417,3.00643575369844,3.42350910366888,3.8401631385155,4.21339021245628,4.42038628448697,4.39185450171196,4.0983530575643,3.56855554564719,2.85991241522879,12.2913796357957,8.10523242090463,1,81.9864039343655,31.0053832895844,31,0.77,121.410458514755,104.43371066838,100,100,100,100,100,100,100,100,100,100,100,100,100,100,99.99,99.94,99.59,98.3,95.1,89.18,80.46,69.77,58.52,48.24,39.8455771797078,2374.89772658214,342.06193801704,499.46080233156,100,100,100,100,100,100,99.97,99.86,99.64,99.15,98.26,96.82,94.66,91.69,87.83,83.09,77.28,70.4,62.57,54.14,45.6,37.53,30.43,24.71,61.1797707105062,1,342.061873452512,499.46080233156,100,100,100,100,100,100,99.97,99.86,99.64,99.15,98.26,96.82,94.66,91.69,87.83,83.09,77.28,70.4,62.57,54.14,45.6,37.53,30.43,24.71,81.9866114100207,220.651479502285,805.120426455653,100,100,100,100,100,100,99.96,99.78,99.44,98.68,97.3,95.07,91.72,87.12,81.14,73.82,65,55.05,44.68,34.86,26.42,19.79,14.98,11.76,86.7316604406762,275.417875465538,121.405372910791,300
0.77,33,0.2283,18-Apr-2022 23:08:58,sim_ss_CL_rc_01_03_1_1201.csv,Grinding_circuit_BT_2020a_03_pid_J,1200,20,2.9,1,0.2283,124.042720741028,0.341,8.43997399364772,50.0007097795997,222.501109823979,124.042720741028,101973.768285834,100,78.08,68.42,61.58,47.44,41.7,33.48,28.63,23.19,18.52,14.96,11.75,9.31,7.2,5.7,4.43,3.45,2.68,2.07,1.61,1.24,0.96,0.74,0.58,74.5712155108128,42.2985677726904,0.157593412603761,0.17338394635894,0.24678902463249,0.657103214199548,2.69199950743487,3.74193376466652,2.68931490271466,2.13139112044921,2.00590649066524,2.01967299157758,2.20029068010224,2.44440565470246,2.72678111307819,3.04127609730549,3.37734662325729,3.84189564221209,4.29929148351475,4.69945684662819,4.90786502201419,4.85389275626965,4.5115820571022,3.91694579395543,3.13443551170395,13.6270296066564,8.2083745534295,1,81.9987999546219,32.9937701678888,33,0.77,124.036760300033,106.544454057765,100,100,100,100,100,100,100,100,100,100,100,100,100,100,99.99,99.93,99.53,98.14,94.77,88.68,79.87,69.19,58.06,47.93,40.5663439564374,2406.38026856721,346.537870124012,506.014604142707,100,100,100,100,100,100,99.97,99.86,99.63,99.14,98.24,96.79,94.6,91.6,87.69,82.9,77.03,70.1,62.24,53.81,45.32,37.32,30.31,24.66,61.6569291164291,1,346.537951306803,506.014604142707,100,100,100,100,100,100,99.97,99.86,99.63,99.14,98.24,96.79,94.6,91.6,87.69,82.9,77.03,70.1,62.24,53.81,45.32,37.32,30.31,24.66,81.9985584779246,222.501109823979,817.519551745314,100,100,100,100,100,100,99.96,99.78,99.43,98.66,97.26,94.99,91.58,86.91,80.83,73.41,64.48,54.47,44.1,34.37,26.05,19.55,14.84,11.69,86.8197661877911,283.541781093327,124.042720741028,300
0.77,30,0.2283,18-Apr-2022 23:08:59,sim_ss_CL_rc_01_04_1_1201.csv,Grinding_circuit_BT_2020a_03_pid_J,1200,20,2.9,1,0.2283,120.097936682883,0.341,8.40856233766438,49.9987888571527,219.843416804616,120.097936682883,101973.768285834,100,78.08,68.42,61.58,47.44,41.7,33.48,28.63,23.19,18.52,14.96,11.75,9.31,7.2,5.7,4.43,3.45,2.68,2.07,1.61,1.24,0.96,0.74,0.58,74.5712155108128,40.953396408863,0.131810662532248,0.145029245263155,0.206410265347318,0.549618005808706,2.25166922742296,3.12990957959685,2.24946956132361,1.78279942784714,1.67784123443696,1.68936170477534,1.84044696525931,2.04464918844545,2.28086311105384,2.54407817177807,2.82628052078574,3.21979346560088,3.61537825373127,3.97323446002321,4.17651015286714,4.15720127980426,3.88494621977853,3.38550630177541,2.71335127529173,11.6000087025878,8.0496362661142,1,81.9913976224767,30.0107252983613,30,0.77,120.108187298409,103.594420096052,100,100,100,100,100,100,100,100,100,100,100,100,100,100,100,99.94,99.61,98.38,95.25,89.39,80.71,70.01,58.71,48.36,39.4869146441689,2356.75240622732,339.951604103025,496.933638422589,100,100,100,100,100,100,99.97,99.86,99.64,99.15,98.27,96.84,94.68,91.73,87.88,83.17,77.37,70.52,62.7,54.25,45.69,37.59,30.46,24.7,60.9530571609403,1,339.951482828058,496.933638422589,100,100,100,100,100,100,99.97,99.86,99.64,99.15,98.27,96.84,94.68,91.73,87.88,83.17,77.37,70.52,62.7,54.25,45.69,37.59,30.46,24.7,81.991817197199,219.843416804616,799.823018081284,100,100,100,100,100,100,99.96,99.78,99.44,98.69,97.32,95.11,91.77,87.21,81.27,74,65.22,55.3,44.91,35.05,26.56,19.87,15.02,11.78,86.7045021521963,271.361626525343,120.097936682883,300
0.77,34,0.2283,18-Apr-2022 23:09:00,sim_ss_CL_rc_01_05_1_1201.csv,Grinding_circuit_BT_2020a_03_pid_J,1200,20,2.9,1,0.2283,125.349120563662,0.341,8.45101971415607,50.0012901673923,223.509912759879,125.349120563662,101973.768285834,100,78.08,68.42,61.58,47.44,41.7,33.48,28.63,23.19,18.52,14.96,11.75,9.31,7.2,5.7,4.43,3.45,2.68,2.07,1.61,1.24,0.96,0.74,0.58,74.5712155108128,42.7440501122087,0.166537618461662,0.183224295052596,0.260795362690572,0.694396253480785,2.84476844953457,3.95426880790194,2.84191364887256,2.25233037426489,2.11972418535472,2.13426960879369,2.32513273451601,2.58309417348088,2.88148257893566,3.21373908325433,3.56831058738848,4.05676186131926,4.53380563438479,4.94554411042363,5.15170970376387,5.08163349459839,4.71187282745264,4.08281422020945,3.26289433126327,14.2721808053479,8.25587638107888,1,82.0141490917004,33.9887854913647,34,0.77,125.338154363639,107.92808027527,100,100,100,100,100,100,100,100,100,100,100,100,100,100,99.99,99.92,99.49,98.04,94.59,88.4,79.54,68.87,57.79,47.76,40.9221540626442,2419.73671027578,348.848067123518,510.017732070015,100,100,100,100,100,100,99.97,99.86,99.63,99.14,98.23,96.76,94.56,91.54,87.61,82.78,76.88,69.92,62.03,53.6,45.13,37.17,30.21,24.61,61.901265544581,0.999999999913764,348.84821817717,510.017732070015,100,100,100,100,100,100,99.97,99.86,99.63,99.14,98.23,96.76,94.56,91.54,87.61,82.78,76.88,69.92,62.03,53.6,45.13,37.17,30.21,24.61,82.013706302361,223.509912759879,824.274335450809,100,100,100,100,100,100,99.96,99.78,99.42,98.65,97.23,94.95,91.51,86.8,80.66,73.18,64.19,54.14,43.78,34.09,25.84,19.4,14.74,11.63,86.877133849506,287.614904407917,125.349120563662,300
0.77,29,0.2283,18-Apr-2022 23:09:01,sim_ss_CL_rc_01_06_1_1201.csv,Grinding_circuit_BT_2020a_03_pid_J,1200,20,2.9,1,0.2283,118.818364049944,0.341,8.39916292022957,49.9983380185259,219.14321546475,118.818364049944,101973.768285834,100,78.08,68.42,61.58,47.44,41.7,33.48,28.63,23.19,18.52,14.96,11.75,9.31,7.2,5.7,4.43,3.45,2.68,2.07,1.61,1.24,0.96,0.74,0.58,74.5712155108128,40.5170621410307,0.12354489431184,0.135959615170492,0.19345819260608,0.515189370678894,2.11058818934629,2.93381423267041,2.10853893940165,1.67110679320171,1.57272499136492,1.58352495610318,1.7251464789344,1.91655824797432,2.1379780196965,2.3847371374416,2.64951829553376,3.01959520093463,3.3936552424029,3.73485417436276,3.93233080669744,3.91980740720963,3.66659533919371,3.19609583754661,2.56017233194352,10.8921309577839,7.99125682376943,1,82.0058099596085,29.0146428936517,29,0.77,118.832774373271,102.865936771036,100,100,100,100,100,100,100,100,100,100,100,100,100,100,100,99.95,99.63,98.44,95.38,89.58,80.93,70.21,58.86,48.46,39.1349262271624,2336.9793720372,337.975989838021,495.130461990834,100,100,100,100,100,100,99.97,99.86,99.64,99.16,98.27,96.85,94.7,91.76,87.92,83.22,77.44,70.6,62.78,54.32,45.74,37.6,30.44,24.67,60.7397954764943,1,337.975837153667,495.130461990834,100,100,100,100,100,100,99.97,99.86,99.64,99.16,98.27,96.85,94.7,91.76,87.92,83.22,77.44,70.6,62.78,54.32,45.74,37.6,30.44,24.67,82.0064015555057,219.14321546475,795.711215811921,100,100,100,100,100,100,99.96,99.79,99.44,98.7,97.33,95.14,91.82,87.28,81.37,74.14,65.4,55.5,45.1,35.2,26.65,19.92,15.03,11.77,86.6920082741117,267.304705752373,118.818364049944,300
0.77,35,0.2283,18-Apr-2022 23:09:15,sim_ss_CL_rc_01_07_1_1201.csv,Grinding_circuit_BT_2020a_03_pid_J,1200,20,2.9,1,0.2283,126.634902468469,0.341,8.46217549211863,50.0017609146468,224.558555225542,126.634902468469,101973.768285834,100,78.08,68.42,61.58,47.44,41.7,33.48,28.63,23.19,18.52,14.96,11.75,9.31,7.2,5.7,4.43,3.45,2.68,2.07,1.61,1.24,0.96,0.74,0.58,74.5712155108128,43.1825017417479,0.17566486986459,0.193266032278481,0.275088354751396,0.732452558551392,3.0006648212124,4.17095168603035,2.99763737318856,2.37574634283137,2.2358728193124,2.25121323277148,2.45253177405009,2.72462348409269,3.03935228704051,3.38971735928316,3.76306382364506,4.27551393063662,4.77170066107965,5.19373917679671,5.39571911451957,5.30733377079492,4.90814900588017,4.243368698132,3.3857185770966,14.9024884023394,8.30055527267093,1,82.0346648300646,34.9848919071608,35,0.77,126.61966459897,109.395198558684,100,100,100,100,100,100,100,100,100,100,100,100,100,100,99.99,99.91,99.46,97.9490909090909,94.39,88.11,79.19,68.52,57.51,47.56,41.2716207234375,2431.50572433333,351.178219824511,514.278873158833,100,100,100,100,100,100,99.97,99.86,99.63,99.13,98.21,96.74,94.52,91.48,87.51,82.66,76.71,69.71,61.81,53.37,44.92,37,30.09,24.54,62.1463866482142,0.999999999993678,351.178429835621,514.278873158833,100,100,100,100,100,100,99.97,99.86,99.63,99.13,98.21,96.74,94.52,91.48,87.51,82.66,76.71,69.71,61.81,53.37,44.92,37,30.09,24.54,82.0340515030772,224.558555225542,831.384470350466,100,100,100,100,100,100,99.96,99.78,99.42,98.64,97.21,94.9,91.43,86.67,80.48,72.93,63.88,53.79,43.43,33.78,25.6,19.23,14.63,11.56,86.9417136254299,291.697956704943,126.634902468469,300
0.72,32,0.2283,18-Apr-2022 23:09:16,sim_ss_CL_rc_02_01_1_1201.csv,Grinding_circuit_BT_2020a_03_pid_J,1200,20,2.9,1,0.2283,117.356030639037,0.341,8.400870941714,49.993939274732,220.92835636927,117.356030639037,101973.768285834,100,78.08,68.42,61.58,47.44,41.7,33.48,28.63,23.19,18.52,14.96,11.75,9.31,7.2,5.7,4.43,3.45,2.68,2.07,1.61,1.24,0.96,0.74,0.58,74.5712155108128,40.0184064479116,0.152563178850603,0.167850219127488,0.238913500171567,0.63613804651285,2.60624080013461,3.62291080064681,2.60383551173833,2.06366078290421,1.94217797052148,1.95553093596469,2.13044313717725,2.36685539872084,2.64033788364865,2.9451147486415,3.2719591806446,3.72756547128904,4.18373141774206,4.58966454222554,4.80422411048067,4.74668128453689,4.38735093610953,3.76849376676825,2.96833444888359,12.6864039475552,7.84958001258304,1,82.2985719518965,32.0542659351292,32,0.72,117.406797869164,105.160720660666,100,100,100,100,100,100,100,100,100,100,100,100,100,100,100,99.95,99.61,98.36,95.15,89.14,80.25,69.37,58.03,47.81,38.7484982913971,2264.69203944558,338.335154238433,511.031147248765,100,100,100,100,100,100,99.97,99.86,99.63,99.13,98.22,96.76,94.55,91.53,87.59,82.76,76.83,69.81,61.82,53.23,44.58,36.49,29.4609090909091,23.9,60.7786399658421,1,338.334427354859,511.031147248765,100,100,100,100,100,100,99.97,99.86,99.63,99.13,98.22,96.76,94.55,91.53,87.59,82.76,76.83,69.81,61.82,53.23,44.58,36.49,29.4618181818182,23.9,82.3006499177221,220.92835636927,810.763407671746,100,100,100,100,100,100,99.96,99.78,99.43,98.67,97.28,95.04,91.66,87.03,81,73.63,64.72,54.64,44.1,34.1490909090909,25.63,19.01,14.28,11.19,87.0925341025171,280.292385309671,117.356030639037,300
0.72,31,0.2283,18-Apr-2022 23:09:16,sim_ss_CL_rc_02_02_1_1201.csv,Grinding_circuit_BT_2020a_03_pid_J,1200,20,2.9,1,0.2283,116.017104501176,0.341,8.38981861937401,49.9931378566853,219.935409299842,116.017104501176,101973.768285834,100,78.08,68.42,61.58,47.44,41.7,33.48,28.63,23.19,18.52,14.96,11.75,9.31,7.2,5.7,4.43,3.45,2.68,2.07,1.61,1.24,0.96,0.74,0.58,74.5712155108128,39.5618326349008,0.143768207877971,0.158174036143336,0.225140787734172,0.599466878630456,2.45601382974141,3.41410090099829,2.45376742353591,1.94472642202688,1.83024643289758,1.84283226078721,2.00766724021269,2.23045993088524,2.48818939904179,2.77545088628305,3.08382778781558,3.51498310871492,3.94992774483164,4.34196531859536,4.55656071352904,4.51384550863158,4.18189861397754,3.59839109275171,2.83713119625759,12.0486747903069,7.80028550884457,1,82.286124180958,31.0617961733257,31,0.72,116.074358243248,104.079042501033,100,100,100,100,100,100,100,100,100,100,100,100,100,100,100,99.95,99.64,98.44,95.33,89.41,80.5754545454546,69.69,58.29,47.98,38.3780731438029,2249.14608059632,336.00976754309,507.341940580523,100,100,100,100,100,100,99.97,99.86,99.63,99.14,98.24,96.78,94.59,91.58,87.67,82.87,76.97,69.98,62.01,53.42,44.75,36.61,29.54,23.93,60.5265602301364,0.99999999997278,336.008969744207,507.341940580523,100,100,100,100,100,100,99.97,99.86,99.63,99.14,98.24,96.78,94.59,91.58,87.67,82.87,76.97,69.98,62.01,53.42,44.75,36.61,29.54,23.93,82.2884768723427,219.935409299842,803.971947868559,100,100,100,100,100,100,99.96,99.78,99.44,98.69,97.3,95.08,91.73,87.14,81.17,73.85,65.01,54.97,44.43,34.43,25.8418181818182,19.15,14.37,11.24,87.0360358799418,276.233319297144,116.017104501176,300
0.72,33,0.2283,18-Apr-2022 23:09:17,sim_ss_CL_rc_02_03_1_1201.csv,Grinding_circuit_BT_2020a_03_pid_J,1200,20,2.9,1,0.2283,118.684788450373,0.341,8.41213867569031,49.9947765290211,221.973698312818,118.684788450373,101973.768285834,100,78.08,68.42,61.58,47.44,41.7,33.48,28.63,23.19,18.52,14.96,11.75,9.31,7.2,5.7,4.43,3.45,2.68,2.07,1.61,1.24,0.96,0.74,0.58,74.5712155108128,40.4715128615774,0.161529163237468,0.177714543262202,0.252953992324431,0.673522146767551,2.75938663683987,3.83577539104961,2.75681681390938,2.18490376095478,2.05628199803269,2.07041665978034,2.25560121214359,2.50589664017512,2.79543647270953,3.11805601796046,3.46364149016367,3.9438150851928,4.42070940206217,4.83920584444403,5.05164179446238,4.97689823359804,4.58811698519762,3.93266030219672,3.09347709046899,13.3088822531225,7.89614034764308,1,82.3169338476255,33.0464148042789,33,0.72,118.729017592674,106.370730794629,100,100,100,100,100,100,100,100,100,100,100,100,100,100,99.99,99.94,99.58,98.27,94.97,88.86,79.91,69.03,57.76,47.63,39.1150881920751,2278.72731404123,340.702715905492,515.139315631913,100,100,100,100,100,100,99.97,99.86,99.63,99.13,98.21,96.74,94.51,91.47,87.51,82.64,76.67,69.62,61.6,53.01,44.39,36.33,29.36,23.85,61.033877963657,1,340.702073805362,515.139315631913,100,100,100,100,100,100,99.97,99.86,99.63,99.13,98.21,96.74,94.51,91.47,87.51,82.64,76.67,69.62,61.6,53.01,44.39,36.33,29.36,23.85,82.3187370791304,221.973698312818,817.790957335298,100,100,100,100,100,100,99.96,99.78,99.43,98.66,97.26,94.99,91.58,86.91,80.8245454545455,73.39,64.42,54.29,43.7554545454545,33.84,25.39,18.84,14.18,11.13,87.1574129696338,284.355303553791,118.684788450373,300
0.72,30,0.2283,18-Apr-2022 23:09:18,sim_ss_CL_rc_02_04_1_1201.csv,Grinding_circuit_BT_2020a_03_pid_J,1200,20,2.9,1,0.2283,114.678568910231,0.341,8.37910345431025,49.9924444807064,219.010515287245,114.678568910231,101973.768285834,100,78.08,68.42,61.58,47.44,41.7,33.48,28.63,23.19,18.52,14.96,11.75,9.31,7.2,5.7,4.43,3.45,2.68,2.07,1.61,1.24,0.96,0.74,0.58,74.5712155108128,39.1053919983889,0.135139288583634,0.148680532468974,0.211628075125075,0.56348790419885,2.30862003522964,3.2092255760736,2.30652588532335,1.82803191032102,1.72042258842419,1.73225526196533,1.88720213388805,2.09663067387613,2.33890202355217,2.60896645795619,2.89914677890494,3.30597588394559,3.71922351288641,4.09603561939477,4.30854565373124,4.27821920709856,3.9715177620984,3.42206763482213,2.69959142298776,11.3951789150588,7.74822237337448,1,82.2806258565685,30.0683113402943,30,0.72,114.741876323786,103.110490542489,100,100,100,100,100,100,100,100,100,100,100,100,100,100,100,99.96,99.66,98.52,95.49,89.66,80.87,69.98,58.52,48.13,38.006670156376,2232.07552157012,333.752391611031,504.234156205181,100,100,100,100,100,100,99.97,99.86,99.63,99.14,98.25,96.8,94.62,91.63,87.74,82.96,77.09,70.13,62.18,53.58,44.89,36.71,29.6,23.95,60.2805260556025,1,333.751548446187,504.234156205181,100,100,100,100,100,100,99.97,99.86,99.63,99.14,98.25,96.8,94.62,91.63,87.74,82.96,77.09,70.13,62.18,53.58,44.89,36.71,29.6,23.95,82.2832371098165,219.010515287245,797.839827286648,100,100,100,100,100,100,99.96,99.79,99.44,98.7,97.33,95.12,91.8,87.25,81.32,74.06,65.27,55.26,44.72,34.68,26.03,19.28,14.44,11.28,86.9896947562789,272.175266387381,114.678568910231,300
0.72,34,0.2283,18-Apr-2022 23:09:18,sim_ss_CL_rc_02_05_1_1201.csv,Grinding_circuit_BT_2020a_03_pid_J,1200,20,2.9,1,0.2283,119.99466698781,0.341,8.42352492609163,49.9955875168217,223.059300283314,119.99466698781,101973.768285834,100,78.08,68.42,61.58,47.44,41.7,33.48,28.63,23.19,18.52,14.96,11.75,9.31,7.2,5.7,4.43,3.45,2.68,2.07,1.61,1.24,0.96,0.74,0.58,74.5712155108128,40.9181814428434,0.170671265406741,0.187772627875772,0.267270269265735,0.711640522438119,2.91553964414997,4.05281862003459,2.91280081582452,2.3085263780937,2.17262544944884,2.18755698321427,2.38321526068172,2.64766594581056,2.95357725468736,3.29437601811259,3.65897856132615,4.16382712260328,4.6609381778844,5.09065793696506,5.29890399967669,5.20463596601105,4.78439242964422,4.09112305268895,3.21278912640968,13.9165022760119,7.93994286272005,1,82.3404481189489,34.0388290253204,34,0.72,120.032660065052,107.854126852046,100,100,100,100,100,100,100,100,100,100,100,100,100,100,99.99,99.93,99.55,98.17,94.78,88.56,79.55,68.68,57.46,47.43,39.4755325125773,2291.26032262106,343.091960348365,519.5231728027,100,100,100,100,100,100,99.97,99.86,99.62,99.12,98.2,96.71,94.47,91.41,87.41,82.51,76.5,69.41,61.36,52.77,44.17,36.16,29.25,23.78,61.2900194991571,1,343.091406772508,519.5231728027,100,100,100,100,100,100,99.97,99.86,99.62,99.12,98.2,96.71,94.47,91.41,87.41,82.51,76.5,69.41,61.3609090909091,52.77,44.17,36.16,29.25,23.78,82.3419911647861,223.059300283314,825.140566149597,100,100,100,100,100,100,99.96,99.78,99.42,98.65,97.23,94.94,91.5,86.78,80.64,73.13,64.09,53.93,43.39,33.51,25.13,18.66,14.06,11.05,87.2293479310874,288.424571843078,119.99466698781,300
0.72,29,0.2283,18-Apr-2022 23:09:19,sim_ss_CL_rc_02_06_1_1201.csv,Grinding_circuit_BT_2020a_03_pid_J,1200,20,2.9,1,0.2283,113.353318665609,0.341,8.36887801425742,49.9919648706779,218.17386831436,113.353318665609,101973.768285834,100,78.08,68.42,61.58,47.44,41.7,33.48,28.63,23.19,18.52,14.96,11.75,9.31,7.2,5.7,4.43,3.45,2.68,2.07,1.61,1.24,0.96,0.74,0.58,74.5712155108128,38.6534816649726,0.126670010581354,0.139362651646995,0.198365310242311,0.528174326079982,2.1639486405618,3.00812947479496,2.16199879038688,1.71348828677189,1.61262260982236,1.62371536104317,1.76895544946775,1.96526466816087,2.19236053445807,2.44553388740582,2.71778196491828,3.10041211489942,3.49149707461288,3.85174545611373,4.06000055403662,4.03954186131072,3.75586674730376,3.23914168613303,2.55535975944164,10.7251402147854,7.69325980932402,1,82.2834752250071,29.0727802645862,29,0.72,113.421625307616,102.233259980824,100,100,100,100,100,100,100,100,100,100,100,100,100,100,100,99.96,99.69,98.59,95.63,89.88,81.14,70.24,58.72,48.25,37.637783968203,2213.45566622491,331.595493621976,501.56363893405,100,100,100,100,100,100,99.97,99.86,99.64,99.15,98.25,96.81,94.64,91.67,87.79,83.04,77.19,70.25,62.3,53.7,44.98,36.77,29.62,23.94,60.0442119627995,1.00000002535077,331.594645990152,501.56363893405,100,100,100,100,100,100,99.97,99.86,99.64,99.15,98.25,96.81,94.64,91.67,87.79,83.04,77.19,70.25,62.3,53.7,44.98,36.77,29.62,23.94,82.2863022142201,218.17386831436,792.496857114512,100,100,100,100,100,100,99.96,99.79,99.45,98.71,97.35,95.16,91.85,87.34,81.45,74.24,65.5,55.52,44.98,34.9,26.19,19.37,14.49,11.3,86.9558848566939,268.114160520396,113.353318665609,300
0.72,35,0.2283,18-Apr-2022 23:09:27,sim_ss_CL_rc_02_07_1_1201.csv,Grinding_circuit_BT_2020a_03_pid_J,1200,20,2.9,1,0.2283,121.278283035789,0.341,8.43495055032397,49.9963268203259,224.175603312226,121.278283035789,101973.768285834,100,78.08,68.42,61.58,47.44,41.7,33.48,28.63,23.19,18.52,14.96,11.75,9.31,7.2,5.7,4.43,3.45,2.68,2.07,1.61,1.24,0.96,0.74,0.58,74.5712155108128,41.355894515204,0.179993989970413,0.198029432371552,0.281869396604138,0.750512014557969,3.07477786202829,4.27415015598504,3.07186673825142,2.43459152110175,2.29126760266008,2.30701174821055,2.51335067966028,2.79223627499502,3.1148418894995,3.47416425918727,3.85806072321387,4.38768099848605,4.90447564205012,5.34406522755497,5.5460662682486,5.42998601736648,4.97631387945508,4.24405247090479,3.32644667738153,14.5094810384976,7.98092197961499,1,82.3685587741687,35.0319203023231,35,0.72,121.310620286756,109.418085500703,100,100,100,100,100,100,100,100,100,100,100,100,100,100,99.99,99.93,99.51,98.07,94.57,88.25,79.17,68.3081818181818,57.16,47.23,39.8278998666893,2302.29412292102,345.486223598981,524.301183418489,100,100,100,100,100,100,99.97,99.85,99.62,99.11,98.18,96.69,94.43,91.34,87.31,82.37,76.31,69.18,61.11,52.51,43.93,35.97,29.11,23.7,61.5452660098644,1,345.485754436191,524.301183418489,100,100,100,100,100,100,99.97,99.85,99.62,99.11,98.18,96.69,94.43,91.34,87.31,82.37,76.31,69.18,61.11,52.51,43.93,35.97,29.11,23.7,82.3698673374837,224.175603312226,832.964738427549,100,100,100,100,100,100,99.96,99.78,99.42,98.63,97.2,94.89,91.41,86.65,80.44,72.87,63.76,53.54,43,33.17,24.86,18.47,13.93,10.97,87.307353167196,292.502037763949,121.278283035789,300
0.82,32,0.2283,18-Apr-2022 23:09:27,sim_ss_CL_rc_03_01_1_1201.csv,Grinding_circuit_BT_2020a_03_pid_J,1200,20,2.9,1,0.2283,127.368121674568,0.341,8.45424820878353,50.0050459236612,222.197006343185,127.368121674568,101973.768285834,100,78.08,68.42,61.58,47.44,41.7,33.48,28.63,23.19,18.52,14.96,11.75,9.31,7.2,5.7,4.43,3.45,2.68,2.07,1.61,1.24,0.96,0.74,0.58,74.5712155108128,43.4325294910276,0.145760437337002,0.160365045366892,0.228257803057804,0.607759442041136,2.48977852322504,3.46074316662249,2.48719066267778,1.97119110312279,1.8551305378445,1.86784946932409,2.03487326229687,2.26061074319806,2.52171977503954,2.81245781987573,3.12280309481864,3.55108210054883,3.97246115456993,4.34411556361634,4.54721975362921,4.5198768466984,4.23584118770841,3.72005640702416,3.02029841751488,13.1866987332778,8.42618903251011,1,81.7350796401072,31.9561177847943,32,0.82,127.325725735194,105.721501069738,100,100,100,100,100,100,100,100,100,100,100,100,100,100,99.99,99.92,99.51,98.1,94.75,88.74,80.08,69.56,58.5,48.32,41.4582908299172,2501.34867087955,349.522732078379,495.557619025891,100,100,100,100,100,100,99.97,99.86,99.64,99.16,98.27,96.84,94.69,91.74,87.9,83.2,77.43,70.62,62.9,54.6,46.2,38.22,31.14,25.36,61.9723736093591,1,349.523252041823,495.557619025891,100,100,100,100,100,100,99.97,99.86,99.64,99.16,98.27,96.84,94.69,91.74,87.9,83.2,77.43,70.62,62.9,54.6,46.2,38.22,31.14,25.36,81.7333660065864,222.197006343185,811.530104616561,100,100,100,100,100,100,99.96,99.78,99.43,98.67,97.28,95.03,91.64,87.01,80.98,73.61,64.7736363636364,54.88,44.65,35.04,26.78,20.26,15.47,12.2,86.4983645057556,278.786153359038,127.368121674568,300
0.82,31,0.2283,18-Apr-2022 23:09:28,sim_ss_CL_rc_03_02_1_1201.csv,Grinding_circuit_BT_2020a_03_pid_J,1200,20,2.9,1,0.2283,126.082049454587,0.341,8.44430679239861,50.0043070212539,221.398885336638,126.082049454587,101973.768285834,100,78.08,68.42,61.58,47.44,41.7,33.48,28.63,23.19,18.52,14.96,11.75,9.31,7.2,5.7,4.43,3.45,2.68,2.07,1.61,1.24,0.96,0.74,0.58,74.5712155108128,42.9939788640143,0.137352940943309,0.151127522875426,0.215087903001691,0.572722768365322,2.34623649422409,3.26123995847697,2.3438157178085,1.85756248954297,1.74819344837918,1.76018131014602,1.91758008972463,2.13030986771556,2.37637595435948,2.65041703227047,2.94327529535636,3.34855338926957,3.74983983451074,4.10721472388949,4.30720508045591,4.28879250377224,4.02480574505585,3.53763297314506,2.87259104702827,12.4793957495146,8.37077355966332,1,81.7402207494752,30.9625461459612,31,0.82,126.04554378391,104.858058498754,100,100,100,100,100,100,100,100,100,100,100,100,100,100,99.99,99.93,99.53,98.18,94.9,88.96,80.33,69.79,58.68,48.44,41.1096655397489,2483.98220139815,347.444429120548,493.153443465678,100,100,100,100,100,100,99.97,99.86,99.64,99.16,98.28,96.86,94.71,91.78,87.96,83.27,77.52,70.74,63.02,54.71,46.29,38.28,31.17,25.36,61.7529674346494,1,347.444849324067,493.153443465678,100,100,100,100,100,100,99.97,99.86,99.64,99.16,98.28,96.86,94.71,91.78,87.96,83.27,77.52,70.74,63.02,54.71,46.29,38.28,31.17,25.36,81.7387405181949,221.398885336638,806.654283700802,100,100,100,100,100,100,99.96,99.78,99.44,98.68,97.29,95.06,91.7,87.1,81.1,73.78,64.99,55.11,44.87,35.22,26.91,20.33,15.5,12.21,86.4744964669897,274.734106675587,126.082049454587,300
0.82,33,0.2283,18-Apr-2022 23:09:29,sim_ss_CL_rc_03_03_1_1201.csv,Grinding_circuit_BT_2020a_03_pid_J,1200,20,2.9,1,0.2283,128.662951263691,0.341,8.46462043414729,50.0056976398139,223.073446984307,128.662951263691,101973.768285834,100,78.08,68.42,61.58,47.44,41.7,33.48,28.63,23.19,18.52,14.96,11.75,9.31,7.2,5.7,4.43,3.45,2.68,2.07,1.61,1.24,0.96,0.74,0.58,74.5712155108128,43.8740663809187,0.154343062750478,0.169807567533365,0.241697856247412,0.643544549818111,2.6363656822992,3.6644795637753,2.6336076042265,2.08723051845665,1.96433640011764,1.97780181696525,2.15465469382688,2.39367562093677,2.67014573278969,2.97791938401411,3.3060263859722,3.75742511177284,4.19844532577692,4.58317372206212,4.78749316598466,4.7490030343182,4.44286624518153,3.89704144788723,3.16210873350071,13.8788924305359,8.4790603767415,1,81.7372590304262,32.9506299596665,33,0.82,128.615047402545,106.848447540134,100,100,100,100,100,100,100,100,100,100,100,100,100,100,99.99,99.91,99.47,98.01,94.59,88.51,79.8,69.29,58.28,48.18,41.808634006735,2517.06062659926,351.688494386852,498.709523118607,100,100,100,100,100,100,99.97,99.86,99.64,99.15,98.26,96.82,94.66,91.7,87.84,83.11,77.31,70.49,62.75,54.46,46.07,38.12,31.09,25.34,62.1998884588813,1,351.68910571413,498.709523118607,100,100,100,100,100,100,99.97,99.86,99.64,99.15,98.26,96.82,94.66,91.7,87.84,83.11,77.31,70.49,62.75,54.46,46.07,38.12,31.09,25.34,81.7353289114647,223.073446984307,817.476567972604,100,100,100,100,100,100,99.96,99.78,99.43,98.66,97.26,94.99,91.58,86.91,80.83,73.42,64.5318181818182,54.62,44.4,34.82,26.62,20.15,15.41,12.17,86.5334663907677,282.846969309583,128.662951263691,300
0.82,30,0.2283,18-Apr-2022 23:09:30,sim_ss_CL_rc_03_04_1_1201.csv,Grinding_circuit_BT_2020a_03_pid_J,1200,20,2.9,1,0.2283,124.82016463274,0.341,8.43496727088521,50.0035401910237,220.700189751085,124.82016463274,101973.768285834,100,78.08,68.42,61.58,47.44,41.7,33.48,28.63,23.19,18.52,14.96,11.75,9.31,7.2,5.7,4.43,3.45,2.68,2.07,1.61,1.24,0.96,0.74,0.58,74.5712155108128,42.5636761397642,0.129115024386103,0.142095133065339,0.202177385738112,0.538420582973779,2.2056713892266,3.0658747925558,2.20341402313075,1.74629010412525,1.64347368884227,1.65474540408703,1.80271841701067,2.00270966946344,2.23404342798667,2.49171965486078,2.76736531344644,3.14976886612099,3.53052001528871,3.8723985539695,4.06733309151929,4.05556905209552,3.80952042378497,3.34950737717365,2.71874885102807,11.7566414709364,8.31285340572237,1,81.7539549283543,29.9693806766862,30,0.82,124.789535298306,104.139531664913,100,100,100,100,100,100,100,100,100,100,100,100,100,100,99.99,99.93,99.56,98.24,95.03,89.14,80.54,69.99,58.83,48.54,40.7669376770979,2464.95527110069,345.489725049391,491.335301853117,100,100,100,100,100,100,99.97,99.86,99.64,99.16,98.28,96.87,94.73,91.8,87.99,83.32,77.59,70.82,63.1,54.79,46.34,38.3,31.16,25.33,61.545638246344,1,345.490044858912,491.335301853117,100,100,100,100,100,100,99.97,99.86,99.64,99.16,98.28,96.87,94.73,91.8,87.99,83.32,77.59,70.82,63.1,54.79,46.34,38.3,31.16,25.33,81.7527092061147,220.700189751085,802.189380164976,100,100,100,100,100,100,99.96,99.78,99.44,98.69,97.31,95.09,91.75,87.17,81.21,73.93,65.17,55.31,45.05,35.36,27,20.37,15.51,12.21,86.4641283901129,270.68851839463,124.82016463274,300
0.82,34,0.2283,18-Apr-2022 23:09:30,sim_ss_CL_rc_03_05_1_1201.csv,Grinding_circuit_BT_2020a_03_pid_J,1200,20,2.9,1,0.2283,129.953951723875,0.341,8.47528689071419,50.0062153917073,224.011654924857,129.953951723875,101973.768285834,100,78.08,68.42,61.58,47.44,41.7,33.48,28.63,23.19,18.52,14.96,11.75,9.31,7.2,5.7,4.43,3.45,2.68,2.07,1.61,1.24,0.96,0.74,0.58,74.5712155108128,44.3142975378415,0.163108025773676,0.179450697652985,0.255423449314271,0.680089943425376,2.78606764967977,3.87254565196911,2.7831362697485,2.20573608892151,2.07586321630186,2.09009104126752,2.27698197854185,2.5295687773604,2.82172574008019,3.14688010091491,3.49302337383615,3.96765172104117,4.42784911787356,4.82444841321725,5.0281131615061,4.9763066538892,4.64606233791271,4.0687918953142,3.29821116986699,14.55619144166,8.52929531358768,1,81.7458011591938,33.9464929584927,34,0.82,129.901226239317,108.124017333786,100,100,100,100,100,100,100,100,100,100,100,100,100,100,99.99,99.9,99.44,97.92,94.41,88.25,79.5,69,58.04,48.02,42.1573134311172,2531.11862375018,353.912881164173,502.145655233417,100,100,100,100,100,100,99.97,99.86,99.64,99.15,98.25,96.81,94.63,91.65,87.77,83.01,77.18,70.33,62.58,54.28,45.92,38,31.01,25.3,62.4323779481257,0.999999927103371,353.91356680022,502.145655233417,100,100,100,100,100,100,99.97,99.86,99.64,99.15,98.25,96.81,94.63,91.65,87.77,83.01,77.18,70.33,62.58,54.28,45.92,38,31.01,25.3,81.7436830574877,224.011654924857,823.472138490002,100,100,100,100,100,100,99.96,99.78,99.42,98.65,97.23,94.95,91.51,86.81,80.68,73.21,64.27,54.32,44.11,34.58,26.44,20.03,15.33,12.13,86.5780852068524,286.918436506749,129.953951723875,300
0.82,29,0.2283,18-Apr-2022 23:09:31,sim_ss_CL_rc_03_06_1_1201.csv,Grinding_circuit_BT_2020a_03_pid_J,1200,20,2.9,1,0.2283,123.601777767865,0.341,8.42644808464703,50.0028032931489,220.128183099619,123.601777767866,101973.768285834,100,78.08,68.42,61.58,47.44,41.7,33.48,28.63,23.19,18.52,14.96,11.75,9.31,7.2,5.7,4.43,3.45,2.68,2.07,1.61,1.24,0.96,0.74,0.58,74.5712155108128,42.1482062188421,0.121087312544757,0.133149215492932,0.18964403052242,0.504780223863495,2.06805414495747,2.87458695166001,2.06594172210793,1.63733913027497,1.54093843320033,1.55150860838157,1.69025201923121,1.87776972535097,2.09467699017117,2.33631681427413,2.59502643564063,2.95469158926927,3.31447236790686,3.63961895631782,3.82749739886992,3.8200172099131,3.58972396575489,3.1553918640708,2.55852070591239,11.0181323792488,8.25239149157458,1,81.7779616128235,28.9761180580939,29,0.82,123.576640534916,103.565176379905,100,100,100,100,100,100,100,100,100,100,100,100,100,100,99.99,99.94,99.58,98.3,95.13,89.3,80.71,70.14,58.94,48.6,40.4354128971573,2444.2590157255,343.704823634535,490.276187807856,100,100,100,100,100,100,99.98,99.86,99.64,99.16,98.28,96.87,94.74,91.82,88.02,83.35,77.63,70.86,63.14,54.81,46.34,38.27,31.11,25.27,61.3554914570072,1,343.705046517449,490.276187807856,100,100,100,100,100,100,99.98,99.86,99.64,99.16,98.28,96.87,94.74,91.82,88.02,83.35,77.63,70.86,63.14,54.81,46.34,38.27,31.11,25.27,81.7769363386063,220.128183099619,798.920769727017,100,100,100,100,100,100,99.96,99.79,99.44,98.69,97.32,95.11,91.78,87.23,81.29,74.04,65.3,55.45,45.18,35.45,27.04,20.38,15.49,12.18,86.4702395656668,266.647352962604,123.601777767866,300
0.82,35,0.2283,18-Apr-2022 23:09:39,sim_ss_CL_rc_03_07_1_1201.csv,Grinding_circuit_BT_2020a_03_pid_J,1200,20,2.9,1,0.2283,131.230710385491,0.341,8.48613761094553,50.006562984357,224.998699126897,131.230710385491,101973.768285834,100,78.08,68.42,61.58,47.44,41.7,33.48,28.63,23.19,18.52,14.96,11.75,9.31,7.2,5.7,4.43,3.45,2.68,2.07,1.61,1.24,0.96,0.74,0.58,74.5712155108128,44.7496722414525,0.172060092359163,0.189299683634312,0.269442060159507,0.717415568346304,2.93896717028062,4.08505787266808,2.93586084542451,2.32677465691934,2.18977399965342,2.20478076148406,2.40192464157482,2.66836776937643,2.97654651207593,3.31943464502399,3.68388983628833,4.1818501812366,4.66074781687734,5.06801253287604,5.26917049530418,5.2019118916585,4.84558689407796,4.2354818961292,3.42876908769604,15.2187588831892,8.57677131929465,1,81.7599915555214,34.944104075467,35,0.82,131.174217604504,109.453348471055,100,100,100,100,100,100,100,100,100,100,100,100,100,100,99.99,99.9,99.4,97.83,94.23,87.98,79.1881818181818,68.68,57.79,47.84,42.5015895489467,2543.52089065352,356.1729167314,506.165287985583,100,100,100,100,100,100,99.97,99.86,99.63,99.14,98.24,96.78,94.59,91.59,87.68,82.89,77.03,70.15,62.38,54.08,45.73,37.86,30.91,25.25,62.6673687735775,1,356.173660585613,506.165287985583,100,100,100,100,100,100,99.97,99.86,99.63,99.14,98.24,96.78,94.59,91.59,87.68,82.89,77.03,70.15,62.38,54.08,45.73,37.86,30.91,25.25,81.7577289553799,224.998699126897,830.182749144709,100,100,100,100,100,100,99.96,99.78,99.42,98.64,97.21,94.91,91.44,86.69,80.51,72.98,63.99,54.01,43.8,34.31,26.23,19.89,15.24,12.08,86.6309245319735,291.0024803897,131.230710385491,300
0.77,32,0.5,18-Apr-2022 23:11:19,sim_ss_CL_rc_01_01_2_1201.csv,Grinding_circuit_BT_2020a_03_pid_J,1200,20,2.9,1,0.5,127.01567869565,0.341,8.44445823004713,50.004434255465,220.498580737282,127.01567869565,111759.594750816,100,60.14,44.51,39.9,30.74,27.02,21.7,18.55,15.03,12,9.7,7.62,6.03,4.66,3.69,2.87,2.24,1.73,1.34,1.04,0.81,0.62,0.48,0.38,74.5712155108128,43.3123464352167,0.276211377446628,0.287657603465367,0.331447051358393,0.695911976259315,2.73451647152349,3.51398648300949,2.4865346007945,1.91735648946333,1.78659468641041,1.79289683829235,1.94892355954771,2.17122931611036,2.42949788847386,2.72462028066381,3.03984884205847,3.47603010701146,3.90833391771444,4.29044450428687,4.49821017974661,4.46594574585451,4.16892500452485,3.63893562527477,2.93348688198633,13.5202984928804,8.46441903454636,1,81.5790762941702,31.961989798769,32,0.77,126.977525531331,103.854454312199,100,100,100,100,100,100,100,100,100,100,100,100,100,100,99.99,99.93,99.54,98.2,94.96,89.1,80.61,70.29,59.49,49.6,41.3607256544551,2390.84113507305,347.476106268613,482.282807994546,100,100,100,100,100,100,99.97,99.86,99.64,99.17,98.31,96.93,94.85,91.98,88.23,83.61,77.91,71.16,63.47,55.18,46.8,38.88,31.9,26.23,61.7563195566606,1,347.476557999925,482.282807994546,100,100,100,100,100,100,99.97,99.86,99.64,99.17,98.31,96.93,94.85,91.98,88.23,83.61,77.91,71.16,63.47,55.18,46.8,38.88,31.9,26.23,81.5775095494869,220.498580737282,792.422403667376,100,100,100,100,100,100,99.96,99.78,99.44,98.69,97.34,95.17,91.88,87.37,81.46,74.21,65.46,55.59,45.33,35.65,27.34,20.79,16.01,12.77,86.2479776549421,278.738086234796,127.01567869565,300
0.77,31,0.5,18-Apr-2022 23:11:21,sim_ss_CL_rc_01_02_2_1201.csv,Grinding_circuit_BT_2020a_03_pid_J,1200,20,2.9,1,0.5,125.749383440905,0.341,8.43474625475919,50.00379377947,219.727023806219,125.749383440905,111759.594750816,100,60.14,44.51,39.9,30.74,27.02,21.7,18.55,15.03,12,9.7,7.62,6.03,4.66,3.69,2.87,2.24,1.73,1.34,1.04,0.81,0.62,0.48,0.38,74.5712155108128,42.8805397533487,0.260286489439061,0.271072863641179,0.312337798260605,0.655790316736829,2.57687382660743,3.31142375221106,2.34320413256284,1.8068365347964,1.6836132427907,1.68955394319628,1.83658960549538,2.04608539562691,2.28947427471372,2.56764115742431,2.86507514269947,3.27773789421412,3.68924729365224,4.05643065021059,4.26075720892702,4.23752568539282,3.96093480026387,3.45990930377641,2.78915461098819,12.7895169929973,8.40907206998559,1,81.5851322290749,30.9674782700934,31,0.77,125.716373404758,103.059609373771,100,100,100,100,100,100,100,100,100,100,100,100,100,100,99.99,99.93,99.57,98.27,95.1,89.3,80.84,70.51,59.66,49.72,41.0167897557829,2374.23540144663,345.443397210977,479.86838834901,100,100,100,100,100,100,99.97,99.86,99.64,99.18,98.32,96.95,94.87,92.02,88.28,83.68,78,71.26,63.58,55.29,46.89,38.93,31.91,26.22,61.5407145999924,0.999999973940192,345.443761422426,479.86838834901,100,100,100,100,100,100,99.97,99.86,99.64,99.18,98.32,96.95,94.87,92.02,88.28,83.68,78,71.26,63.58,55.29,46.89,38.93,31.91,26.22,81.5837722544035,219.727023806219,787.451971654271,100,100,100,100,100,100,99.96,99.78,99.44,98.7,97.36,95.2,91.93,87.45,81.58,74.38,65.66,55.81,45.54,35.82,27.46,20.86,16.04,12.78,86.2265739801067,274.681968262702,125.749383440905,300
0.77,33,0.5,18-Apr-2022 23:11:22,sim_ss_CL_rc_01_03_2_1201.csv,Grinding_circuit_BT_2020a_03_pid_J,1200,20,2.9,1,0.5,128.291365868767,0.341,8.45460383065935,50.0049935738585,221.348631706009,128.291365868767,111759.594750816,100,60.14,44.51,39.9,30.74,27.02,21.7,18.55,15.03,12,9.7,7.62,6.03,4.66,3.69,2.87,2.24,1.73,1.34,1.04,0.81,0.62,0.48,0.38,74.5712155108128,43.7473557612497,0.292471473146529,0.304591438379882,0.350958533959387,0.736878140871548,2.89547690071773,3.72081181122206,2.63288101533679,2.03020192459005,1.89174293898519,1.89841407072549,2.06362092309971,2.29900599980059,2.5724665052035,2.88488710866861,3.21819396003668,3.67802918551354,4.13069057232973,4.52651844358389,4.73580191774811,4.69227238769547,4.37279624899223,3.8125012315219,3.07202942283963,14.2362539832314,8.51725371175016,1,81.5803702515303,32.9573626505252,33,0.77,128.248399626726,104.76239492237,100,100,100,100,100,100,100,100,100,100,100,100,100,100,99.99,99.92,99.51,98.12,94.81,88.88,80.35,70.04,59.29,49.47,41.7065846350068,2405.86122497157,349.597031332735,485.164814806227,100,100,100,100,100,100,99.97,99.86,99.64,99.17,98.3,96.92,94.82,91.94,88.17,83.53,77.8,71.03,63.32,55.04,46.69,38.8,31.85,26.22,61.9801977597126,1,349.597561812852,485.164814806227,100,100,100,100,100,100,99.97,99.86,99.64,99.17,98.3,96.92,94.82,91.94,88.17,83.53,77.8,71.03,63.32,55.04,46.69,38.8,31.85,26.22,81.5786113555467,221.348631706009,798.047780273504,100,100,100,100,100,100,99.96,99.78,99.43,98.69,97.32,95.13,91.82,87.2781818181818,81.32,74.03,65.22,55.33,45.08,35.44,27.19,20.69,15.95,12.75,86.2807039643944,282.802573126042,128.291365868767,300
0.77,30,0.5,18-Apr-2022 23:11:23,sim_ss_CL_rc_01_04_2_1201.csv,Grinding_circuit_BT_2020a_03_pid_J,1200,20,2.9,1,0.5,124.5081852354,0.341,8.42564088404769,50.0031345436862,219.055285674308,124.5081852354,111759.594750816,100,60.14,44.51,39.9,30.74,27.02,21.7,18.55,15.03,12,9.7,7.62,6.03,4.66,3.69,2.87,2.24,1.73,1.34,1.04,0.81,0.62,0.48,0.38,74.5712155108128,42.4572911652713,0.244687546583336,0.254838547560481,0.293614867724101,0.616501425968827,2.42248437676895,3.11304075535391,2.20283062392404,1.69859646680826,1.58275604044175,1.58834253407573,1.72657230342431,1.92352188243081,2.1523368459923,2.41388518684566,2.69380844169667,3.08309615943535,3.47338317731437,3.8244170013051,4.0233367069179,4.00683730960504,3.74859041183163,3.27516452214711,2.6388051503741,12.0436275192273,8.35126478051436,1,81.5998199325488,29.9733544215678,30,0.77,124.480323355433,102.375072546166,100,100,100,100,100,100,100,100,100,100,100,100,100,100,99.99,99.94,99.59,98.34,95.22,89.48,81.04,70.7,59.8,49.8,40.6790550917788,2356.03950439344,343.53560902974,478.222889141258,100,100,100,100,100,100,99.97,99.86,99.64,99.18,98.32,96.96,94.88,92.04,88.32,83.73,78.06,71.34,63.65,55.35,46.9236363636364,38.94,31.9,26.19,61.3374237003009,1,343.535886648465,478.222889141258,100,100,100,100,100,100,99.97,99.86,99.64,99.18,98.32,96.96,94.88,92.04,88.32,83.73,78.06,71.34,63.65,55.35,46.9254545454545,38.94,31.9,26.19,81.5986685628807,219.055285674308,783.38536456403,100,100,100,100,100,100,99.96,99.78,99.44,98.71,97.37,95.23,91.98,87.52,81.68,74.51,65.83,56,45.71,35.95,27.54,20.89,16.04,12.77,86.2187767534425,270.632163860363,124.5081852354,300
0.77,34,0.5,18-Apr-2022 23:11:24,sim_ss_CL_rc_01_05_2_1201.csv,Grinding_circuit_BT_2020a_03_pid_J,1200,20,2.9,1,0.5,129.563675990087,0.341,8.46504573019454,50.0054237939724,222.260616962836,129.563675990087,111759.594750816,100,60.14,44.51,39.9,30.74,27.02,21.7,18.55,15.03,12,9.7,7.62,6.03,4.66,3.69,2.87,2.24,1.73,1.34,1.04,0.81,0.62,0.48,0.38,74.5712155108128,44.1812135126197,0.309074884562223,0.321882819919664,0.370881998870236,0.778709333149454,3.05983687725606,3.93200632076031,2.78231928155525,2.14543151587054,1.99911278009749,2.00616077870302,2.18074184468093,2.42948276557244,2.71845570623443,3.04852482150358,3.40019509585977,3.88381310761842,4.35638530926082,4.76472653340668,4.97363995895903,4.91666567454884,4.57275643702004,3.98083352893572,3.20498735851084,14.9376384512341,8.56747808578973,1,81.5880493497672,33.9540607038081,34,0.77,129.516624295853,105.786598766836,100,100,100,100,100,100,100,100,100,100,100,100,100,100,99.99,99.91,99.48,98.04,94.65,88.6381818181818,80.06,69.76,59.07,49.32,42.0509533415874,2419.29752230891,351.777241258689,488.443990398191,100,100,100,100,100,100,99.97,99.86,99.64,99.16,98.29,96.9,94.79,91.89,88.1,83.43,77.68,70.87,63.15,54.88,46.54,38.69,31.78,26.19,62.2091870274383,0.9999999999982,351.777835984628,488.443990398191,100,100,100,100,100,100,99.97,99.86,99.64,99.16,98.29,96.9,94.79,91.89,88.1,83.43,77.68,70.87,63.15,54.88,46.54,38.69,31.78,26.19,81.5861289227312,222.260616962836,804.154657212114,100,100,100,100,100,100,99.96,99.77,99.43,98.67,97.3,95.09,91.75,87.17,81.17,73.82,64.97,55.0445454545455,44.8,35.2,27.01,20.58,15.88,12.71,86.3230205809892,286.877564545971,129.563675990087,300
0.77,29,0.5,18-Apr-2022 23:11:24,sim_ss_CL_rc_01_06_2_1201.csv,Grinding_circuit_BT_2020a_03_pid_J,1200,20,2.9,1,0.5,123.311799246003,0.341,8.41736316211093,50.0025048273297,218.510756409306,123.311799246003,111759.594750816,100,60.14,44.51,39.9,30.74,27.02,21.7,18.55,15.03,12,9.7,7.62,6.03,4.66,3.69,2.87,2.24,1.73,1.34,1.04,0.81,0.62,0.48,0.38,74.5712155108128,42.049323542887,0.229394300177513,0.238992940714221,0.27522812094094,0.578057319001133,2.27129906297685,2.91878014798134,2.06537317163716,1.59260465475953,1.48399354531497,1.48923287592026,1.61883921163371,1.80350246593412,2.01804486572067,2.263308087884,2.52600640251829,2.89207180163616,3.26071483840359,3.5943549301411,3.78583606968554,3.77367891236534,3.5316152732588,3.08440114238408,2.48218257895784,11.2823316249379,8.29097242388791,1,81.6248303529768,28.9791271761577,29,0.77,123.28864592505,101.840329911927,100,100,100,100,100,100,100,100,100,100,100,100,100,100,100,99.94,99.61,98.39,95.33,89.62,81.2,70.83,59.9,49.85,40.3529276514478,2336.24476208961,341.799402334356,477.449121101979,100,100,100,100,100,100,99.97,99.86,99.64,99.18,98.33,96.96,94.89,92.0590909090909,88.34,83.75,78.09,71.37,63.68,55.36,46.91,38.9,31.84,26.12,61.1516275439468,1,341.799598863121,477.449121101979,100,100,100,100,100,100,99.97,99.86,99.64,99.18,98.33,96.96,94.89,92.06,88.34,83.75,78.09,71.37,63.68,55.36,46.91,38.9,31.84,26.12,81.6238707533078,218.510756409306,780.066550479646,100,100,100,100,100,100,99.96,99.78,99.44,98.72,97.38,95.25,92.01,87.57,81.76,74.62,65.96,56.13,45.83,36.03,27.57,20.89,16.01,12.73,86.2275931884931,266.586640044865,123.311799246003,300
0.77,35,0.5,18-Apr-2022 23:11:38,sim_ss_CL_rc_01_07_2_1201.csv,Grinding_circuit_BT_2020a_03_pid_J,1200,20,2.9,1,0.5,130.822001734347,0.341,8.47567219117399,50.0056958444467,223.221384443669,130.822001734347,111759.594750816,100,60.14,44.51,39.9,30.74,27.02,21.7,18.55,15.03,12,9.7,7.62,6.03,4.66,3.69,2.87,2.24,1.73,1.34,1.04,0.81,0.62,0.48,0.38,74.5712155108128,44.6103025914122,0.32602862602625,0.339539059913818,0.391225883661165,0.821423309316617,3.22766716678829,4.14766229481263,2.93491513073542,2.26309607874347,2.10875165557091,2.11618472652001,2.30033844064654,2.56271796038111,2.8675309831664,3.21560506007938,3.58592350229021,4.09344373095508,4.58546560644859,5.00511366691079,5.21178916204395,5.1392276758052,4.76894456967582,4.14409026634241,3.33250772158423,15.6245111105703,8.61495931089619,1,81.601391637207,34.9523642250099,35,0.77,130.771844421862,107.029640450506,100,100,100,100,100,100,100,100,100,100,100,100,100,100,99.99,99.91,99.45,97.95,94.47,88.38,79.76,69.47,58.8227272727273,49.16,42.391005349699,2431.14673147754,353.99322886553,492.353663526695,100,100,100,100,100,100,99.97,99.86,99.64,99.16,98.28,96.88,94.76,91.84,88.02,83.32,77.53,70.7,62.96,54.68,46.37,38.55,31.69,26.14,62.4407515231195,0.999999997304611,353.993868697163,492.353663526695,100,100,100,100,100,100,99.97,99.86,99.64,99.16,98.28,96.88,94.76,91.84,88.02,83.32,77.53,70.7,62.96,54.68,46.37,38.55,31.69,26.14,81.5993500364945,223.221384443669,810.589165412217,100,100,100,100,100,100,99.96,99.77,99.42,98.66,97.28,95.05,91.68,87.06,81.01,73.6,64.69,54.74,44.5,34.94,26.81,20.44,15.8,12.66,86.3736186065967,290.964485975977,130.822001734346,300
0.72,32,0.5,18-Apr-2022 23:11:39,sim_ss_CL_rc_02_01_2_1201.csv,Grinding_circuit_BT_2020a_03_pid_J,1200,20,2.9,1,0.5,121.422540672995,0.341,8.41422403496926,49.9986641062353,219.706578256602,121.422540672995,111759.594750816,100,60.14,44.51,39.9,30.74,27.02,21.7,18.55,15.03,12,9.7,7.62,6.03,4.66,3.69,2.87,2.24,1.73,1.34,1.04,0.81,0.62,0.48,0.38,74.5712155108128,41.4050863694914,0.283203842912215,0.294940629273199,0.339840230922328,0.713539164798363,2.80389760486574,3.60330499509414,2.54978910817267,1.96614759021081,1.83206981184889,1.83855036288302,1.99857326145295,2.22657676544254,2.49147819223168,2.79432230300523,3.11865152946294,3.57002038700921,4.02192503159082,4.42368727212841,4.6387332520037,4.59084640066626,4.25343733994348,3.66795741799738,2.90860796199425,13.2518964505335,8.1416255800955,1,81.8837883401491,32.0117126326095,32,0.72,121.433962850672,103.515021884898,100,100,100,100,100,100,100,100,100,100,100,100,100,100,100,99.94,99.6,98.35,95.19,89.33,80.72,70.22,59.27,49.35,39.8494339853262,2264.05639800562,341.140541107273,490.597389131378,100,100,100,100,100,100,99.97,99.86,99.64,99.16,98.29,96.89,94.78,91.87,88.07,83.38,77.59,70.73,62.88,54.44,45.92,37.93,30.97,25.42,61.0809229332198,1,341.140391644135,490.597389131378,100,100,100,100,100,100,99.97,99.86,99.64,99.16,98.29,96.89,94.78,91.87,88.07,83.38,77.59,70.73,62.88,54.44,45.92,37.93,30.97,25.42,81.8842607579058,219.706578256602,791.661373403395,100,100,100,100,100,100,99.96,99.78,99.44,98.7,97.34,95.17,91.89,87.38,81.48,74.23,65.43,55.46,45.02,35.15,26.69,20.08,15.33,12.19,86.575716254141,279.559445762631,121.422540672995,300
0.72,31,0.5,18-Apr-2022 23:11:39,sim_ss_CL_rc_02_02_2_1201.csv,Grinding_circuit_BT_2020a_03_pid_J,1200,20,2.9,1,0.5,120.117224054737,0.341,8.40383307873917,49.9980894725775,218.824287766569,120.117224054737,111759.594750816,100,60.14,44.51,39.9,30.74,27.02,21.7,18.55,15.03,12,9.7,7.62,6.03,4.66,3.69,2.87,2.24,1.73,1.34,1.04,0.81,0.62,0.48,0.38,74.5712155108128,40.9599734026652,0.26685571527306,0.277915065139664,0.320222963390778,0.672350597198433,2.64205586670132,3.39533679277015,2.40263059273713,1.8526748810893,1.72633626945907,1.73244453762854,1.88323446759169,2.09808305940749,2.34770270201119,2.63311676377284,2.93908669174764,3.36610495621148,3.79655820172988,4.18357019626943,4.39688184956069,4.36124735241448,4.04827678216005,3.49544157511961,2.77307664191871,12.5597120837617,8.08924980653474,1,81.8803079941563,31.0167945195808,31,0.72,120.133574397338,102.567665356396,100,100,100,100,100,100,100,100,100,100,100,100,100,100,100,99.95,99.63,98.42,95.35,89.57,81,70.49,59.48,49.49,39.4909266394586,2248.40547830007,338.957862163907,487.449750623613,100,100,100,100,100,100,99.97,99.86,99.64,99.16,98.3,96.91,94.8,91.92,88.13,83.47,77.71,70.87,63.04,54.59,46.05,38.02,31.02,25.43,60.8459095480935,1.00000000000131,338.957657395642,487.449750623613,100,100,100,100,100,100,99.97,99.86,99.64,99.16,98.3,96.91,94.8,91.92,88.13,83.47,77.71,70.87,63.04,54.59,46.05,38.02,31.02,25.43,81.8809866212855,218.824287766569,785.929696108377,100,100,100,100,100,100,99.96,99.78,99.44,98.71,97.36,95.21,91.95,87.48,81.62,74.42,65.68,55.74,45.3,35.38,26.86,20.19,15.39,12.22,86.5361651094798,275.495989687691,120.117224054737,300
0.72,33,0.5,18-Apr-2022 23:11:40,sim_ss_CL_rc_02_03_2_1201.csv,Grinding_circuit_BT_2020a_03_pid_J,1200,20,2.9,1,0.5,122.725435691274,0.341,8.42491815722549,49.9992500764182,220.652185587943,122.725435691274,111759.594750816,100,60.14,44.51,39.9,30.74,27.02,21.7,18.55,15.03,12,9.7,7.62,6.03,4.66,3.69,2.87,2.24,1.73,1.34,1.04,0.81,0.62,0.48,0.38,74.5712155108128,41.8493735707245,0.299876356327414,0.312304012018903,0.359846724213336,0.75554489922843,2.96894886136805,3.8153955567629,2.69986398697682,2.08186888748056,1.9398984358969,1.94675841811569,2.11619691594618,2.3576154813857,2.63810035592222,2.95870733295251,3.30167525526277,3.7775250324375,4.25042030331644,4.66565495174269,4.88041352469033,4.81795964670599,4.45407987333631,3.83471027881698,3.03822653499627,13.92893420855,8.1913261144678,1,81.8938521615568,33.0065567614616,33,0.72,122.73190343895,104.541891141086,100,100,100,100,100,100,100,100,100,100,100,100,100,100,99.99,99.94,99.57,98.27,95.03,89.08,80.42,69.93,59.03,49.2,40.2064029343293,2278.19249292564,343.384089026894,494.02521741578,100,100,100,100,100,100,99.97,99.86,99.63,99.16,98.28,96.87,94.74,91.82,87.99,83.28,77.46,70.56,62.7,54.26,45.77,37.81,30.9,25.39,61.3212391997983,1,343.384001977495,494.02521741578,100,100,100,100,100,100,99.97,99.86,99.63,99.16,98.28,96.87,94.74,91.82,87.99,83.28,77.46,70.56,62.7,54.26,45.77,37.81,30.9,25.39,81.8941187051081,220.652185587943,798.185497163551,100,100,100,100,100,100,99.96,99.78,99.43,98.69,97.32,95.13,91.82,87.28,81.32,74.01,65.16,55.15,44.72,34.89,26.49,19.95,15.25,12.14,86.6249923996003,283.627675225011,122.725435691274,300
0.72,30,0.5,18-Apr-2022 23:11:41,sim_ss_CL_rc_02_04_2_1201.csv,Grinding_circuit_BT_2020a_03_pid_J,1200,20,2.9,1,0.5,118.82220745044,0.341,8.39388853491998,49.997594472498,218.023398532305,118.82220745044,111759.594750816,100,60.14,44.51,39.9,30.74,27.02,21.7,18.55,15.03,12,9.7,7.62,6.03,4.66,3.69,2.87,2.24,1.73,1.34,1.04,0.81,0.62,0.48,0.38,74.5712155108128,40.5183727406001,0.250823237876368,0.26121821581179,0.30098442022407,0.631957110179976,2.48333594643285,3.19137701520213,2.25830742441381,1.74138816977231,1.62263939967919,1.62838218982527,1.77011649152771,1.97206275384403,2.20669351006403,2.4750018244092,2.76288927659456,3.16569382385651,3.57424654234898,3.94522363257247,4.15473631489954,4.12896847611862,3.83833591079052,3.31686808350699,2.63136090578291,11.851905545538,8.03419388348564,1,81.8845702607215,30.0211373188397,30,0.72,118.843027299824,101.735040227829,100,100,100,100,100,100,100,100,100,100,100,100,100,100,100,99.95,99.65,98.49,95.49,89.78,81.25,70.72,59.66,49.61,39.1343243310955,2231.22741503399,336.866425832128,485.052919047297,100,100,100,100,100,100,99.97,99.86,99.64,99.17,98.31,96.92,94.83,91.95,88.18,83.54,77.8,70.98,63.16,54.7,46.14,38.07,31.04,25.42,60.6195856753943,1,336.866182409587,485.052919047297,100,100,100,100,100,100,99.97,99.86,99.64,99.17,98.31,96.92,94.83,91.95,88.18,83.54,77.8,70.98,63.16,54.7,46.14,38.07,31.04,25.42,81.8854373224423,218.023398532305,780.633307839118,100,100,100,100,100,100,99.96,99.78,99.44,98.72,97.38,95.24,92.01,87.57,81.75,74.59,65.9,55.98,45.53,35.58,27,20.27,15.43,12.23,86.5083592280316,271.434533380849,118.82220745044,300
0.72,34,0.5,18-Apr-2022 23:11:42,sim_ss_CL_rc_02_05_2_1201.csv,Grinding_circuit_BT_2020a_03_pid_J,1200,20,2.9,1,0.5,124.015522787646,0.341,8.43580196434421,49.9997860086613,221.647087704753,124.015522787646,111759.594750816,100,60.14,44.51,39.9,30.74,27.02,21.7,18.55,15.03,12,9.7,7.62,6.03,4.66,3.69,2.87,2.24,1.73,1.34,1.04,0.81,0.62,0.48,0.38,74.5712155108128,42.2892932705872,0.316882773589371,0.330015133541945,0.380253887839035,0.798391875336681,3.13730535673622,4.03173300524258,2.85294383455874,2.19990724438595,2.04988605236749,2.05713301074717,2.23617555614588,2.49127765763094,2.78765729008877,3.12636933242243,3.48825851685277,3.98871335767571,4.48212531115605,4.90955483525422,5.12203359133741,5.04275125942726,4.65042201734958,3.99594539812007,3.16216251313068,14.5911971813759,8.23830109393626,1,81.9096387596041,34.0019116458604,34,0.72,124.017421571293,105.650664654169,100,100,100,100,100,100,100,100,100,100,100,100,100,100,99.99,99.93,99.54,98.18,94.85,88.82,80.1,69.62,58.78,49.03,40.5590728803006,2290.82107485055,345.664509276046,498.028271516597,100,100,100,100,100,100,99.97,99.86,99.63,99.15,98.27,96.85,94.71,91.77,87.91,83.16,77.31,70.38,62.5,54.05,45.59,37.67,30.81,25.34,61.5642155529586,1,345.664482797593,498.028271516597,100,100,100,100,100,100,99.97,99.86,99.63,99.15,98.27,96.85,94.71,91.77,87.91,83.16,77.31,70.38,62.5,54.05,45.59,37.67,30.81,25.34,81.9097166625491,221.647087704753,805.03622174254,100,100,100,100,100,100,99.96,99.77,99.43,98.67,97.3,95.09,91.75,87.16,81.15,73.78,64.87,54.83,44.39,34.6,26.27,19.8,15.16,12.09,86.6824787524498,287.703220362341,124.015522787646,300
0.72,29,0.5,18-Apr-2022 23:11:42,sim_ss_CL_rc_02_06_2_1201.csv,Grinding_circuit_BT_2020a_03_pid_J,1200,20,2.9,1,0.5,117.553253000685,0.341,8.38457146131847,49.9972745504462,217.327289523317,117.553253000685,111759.594750816,100,60.14,44.51,39.9,30.74,27.02,21.7,18.55,15.03,12,9.7,7.62,6.03,4.66,3.69,2.87,2.24,1.73,1.34,1.04,0.81,0.62,0.48,0.38,74.5712155108128,40.0856592732335,0.235113511786792,0.244792257648677,0.282161460766555,0.592307205748318,2.32763925804934,2.99129008711637,2.11672318571196,1.63221296075966,1.52090967774738,1.52629338066322,1.65914309054292,1.84843058766622,2.06835487139355,2.31987105366108,2.58994748031593,2.96867721645653,3.35488516221332,3.70852428028638,3.91211343365219,3.89373729355662,3.62326276634811,3.13185554128156,2.48312090574366,11.1277838832975,7.9763597676708,1,81.8981298174961,29.0238019030678,29,0.72,117.577413754732,101.040152822976,100,100,100,100,100,100,100,100,100,100,100,100,100,100,100,99.96,99.67,98.55,95.61,89.96,81.46,70.92,59.81,49.69,38.7839026666316,2212.50048251223,334.904703278048,483.233536542914,100,100,100,100,100,100,99.97,99.86,99.64,99.17,98.31,96.93,94.84,91.98,88.22,83.59,77.87,71.06,63.24,54.77,46.18,38.08,31.02,25.38,60.40628192773,1,334.904448464244,483.233536542914,100,100,100,100,100,100,99.97,99.86,99.64,99.17,98.31,96.93,94.84,91.98,88.22,83.59,77.87,71.06,63.24,54.77,46.18,38.08,31.02,25.38,81.8991390922729,217.327289523317,776.353552547552,100,100,100,100,100,100,99.96,99.78,99.45,98.72,97.4,95.27,92.05,87.64,81.85,74.74,66.08,56.18,45.72,35.73,27.09,20.32,15.44,12.23,86.4949892894594,267.371333596177,117.553253000685,300
0.72,35,0.5,18-Apr-2022 23:11:50,sim_ss_CL_rc_02_07_2_1201.csv,Grinding_circuit_BT_2020a_03_pid_J,1200,20,2.9,1,0.5,125.284117604534,0.341,8.44678350909117,50.0002255539958,222.680256875337,125.284117604534,111759.594750816,100,60.14,44.51,39.9,30.74,27.02,21.7,18.55,15.03,12,9.7,7.62,6.03,4.66,3.69,2.87,2.24,1.73,1.34,1.04,0.81,0.62,0.48,0.38,74.5712155108128,42.7218841031461,0.334232021206859,0.348083298211256,0.401072457355619,0.842102681008766,3.30905701382403,4.2524344858685,3.00911205601432,2.32032713033522,2.16209284883669,2.16973472095247,2.35857526749411,2.62763726156154,2.94023207927497,3.29740001409174,3.67849515764259,4.20367146461787,4.71711018846083,5.15545069517663,5.36367439590103,5.26534021259482,4.84262406255798,4.15184765076029,3.28059426986726,15.2388895156059,8.2824610983707,1,81.9305138156147,34.9982132678527,35,0.72,125.282171055088,106.96958927502,100,100,100,100,100,100,100,100,100,100,100,100,100,100,99.99,99.92,99.51,98.09,94.67,88.54,79.77,69.29,58.51,48.85,40.905165677049,2301.94434686526,347.962427930425,502.174399510734,100,100,100,100,100,100,99.97,99.85,99.63,99.14,98.25,96.83,94.67,91.71,87.82,83.04,77.15,70.18,62.27,53.83,45.38,37.51,30.7,25.28,61.8077518010732,1,347.962453002067,502.174399510734,100,100,100,100,100,100,99.97,99.85,99.63,99.14,98.25,96.83,94.67,91.71,87.82,83.04,77.15,70.18,62.27,53.83,45.38,37.51,30.7,25.28,81.9304338940549,222.680256875337,812.214345557791,100,100,100,100,100,100,99.96,99.77,99.42,98.66,97.27,95.04,91.67,87.04,80.97,73.54,64.57,54.48,44.05,34.3,26.03,19.63,15.05,12.02,86.747042688238,291.788075323684,125.284117604534,300
0.82,32,0.5,18-Apr-2022 23:11:51,sim_ss_CL_rc_03_01_2_1201.csv,Grinding_circuit_BT_2020a_03_pid_J,1200,20,2.9,1,0.5,131.867569389361,0.341,8.47151556918979,50.0082493916105,221.331073268859,131.86756938936,111759.594750816,100,60.14,44.51,39.9,30.74,27.02,21.7,18.55,15.03,12,9.7,7.62,6.03,4.66,3.69,2.87,2.24,1.73,1.34,1.04,0.81,0.62,0.48,0.38,74.5712155108128,44.9668411617719,0.270599980519426,0.281813223727724,0.324712165713589,0.681768635653309,2.67887591326594,3.44239552173099,2.43584700267815,1.8782626426946,1.75016058139344,1.75632420918007,1.90915533879208,2.12690578080963,2.37987149132229,2.66878902106411,2.97657232450842,3.40016179448012,3.81614483088277,4.18184361165619,4.38293970100646,4.36196606440837,4.0959880135646,3.61000174790357,2.94911164091491,13.7352236671437,8.7459395615213,1,81.3289870358005,31.931877681161,32,0.82,131.795667717581,104.281602194438,100,100,100,100,100,100,100,100,100,100,100,100,100,100,99.99,99.91,99.48,98.07,94.75,88.88,80.48,70.32,59.65,49.8,42.6648194279253,2500.94478726455,353.12674098644,475.701304118043,100,100,100,100,100,100,99.97,99.86,99.65,99.18,98.33,96.97,94.9,92.07,88.36,83.79,78.16,71.5,63.93,55.78,47.52,39.6518181818182,32.66,26.91,62.3503480142312,0.999999998244927,353.127497028442,475.701304118043,100,100,100,100,100,100,99.97,99.86,99.65,99.18,98.33,96.97,94.9,92.07,88.36,83.79,78.16,71.5,63.93,55.78,47.52,39.6536363636364,32.66,26.91,81.3260507502368,221.331073268859,793.490023017438,100,100,100,100,100,100,99.96,99.78,99.43,98.69,97.34,95.16,91.87,87.35,81.43,74.19,65.46,55.69,45.58,36.07,27.89,21.4,16.59,13.28,85.9707008547733,278.077197742628,131.867569389361,300
0.82,31,0.5,18-Apr-2022 23:11:52,sim_ss_CL_rc_03_02_2_1201.csv,Grinding_circuit_BT_2020a_03_pid_J,1200,20,2.9,1,0.5,130.654615237359,0.341,8.46253917707332,50.0071835682198,220.66315653941,130.654615237359,111759.594750816,100,60.14,44.51,39.9,30.74,27.02,21.7,18.55,15.03,12,9.7,7.62,6.03,4.66,3.69,2.87,2.24,1.73,1.34,1.04,0.81,0.62,0.48,0.38,74.5712155108128,44.5532237959394,0.255115047504691,0.265577038956875,0.306178757537091,0.642639686678805,2.52532023198983,3.24508569776483,2.29623786315412,1.77061350421213,1.64985513138534,1.65566826241056,1.79974412371564,2.00502090517778,2.24349923889182,2.51592402579521,2.80645323804609,3.20729125989758,3.60306214934577,3.95370825632308,4.1499972863282,4.13545515372278,3.88659280326145,3.42637251472829,2.79794264156331,12.9737360913694,8.68890684686546,1,81.3428025190126,30.9415548724399,31,0.82,130.590975920513,103.611448440765,100,100,100,100,100,100,100,100,100,100,100,100,100,100,99.99,99.92,99.51,98.13,94.87,89.05,80.67,70.5,59.78,49.88,42.3389001534934,2483.59729958336,351.254132459923,474.048249838382,100,100,100,100,100,100,99.97,99.86,99.65,99.18,98.34,96.98,94.92,92.1,88.4,83.84,78.22,71.58,64.01,55.84,47.56,39.67,32.65,26.88,62.1543500249602,1,351.254732175744,474.048249838382,100,100,100,100,100,100,99.97,99.86,99.65,99.18,98.34,96.98,94.92,92.1,88.4,83.84,78.22,71.58,64.01,55.84,47.56,39.67,32.65,26.88,81.3401949354402,220.66315653941,789.439999908391,100,100,100,100,100,100,99.96,99.78,99.44,98.7,97.35,95.19,91.91,87.42,81.53,74.32,65.63,55.86,45.74,36.19,27.96,21.43,16.59,13.27,85.9648576151802,274.041821032718,130.654615237359,300
0.82,33,0.5,18-Apr-2022 23:11:53,sim_ss_CL_rc_03_03_2_1201.csv,Grinding_circuit_BT_2020a_03_pid_J,1200,20,2.9,1,0.5,133.102442541353,0.341,8.48106013872765,50.0090864628923,222.091999037994,133.102442541353,111759.594750816,100,60.14,44.51,39.9,30.74,27.02,21.7,18.55,15.03,12,9.7,7.62,6.03,4.66,3.69,2.87,2.24,1.73,1.34,1.04,0.81,0.62,0.48,0.38,74.5712155108128,45.3879329066015,0.286468589159153,0.298339294086387,0.343753708427903,0.721747781323889,2.83594988269148,3.64421547007869,2.57864796707789,1.98837309072342,1.85275955400734,1.85928189217786,2.02106875242666,2.25157847959949,2.51936261136488,2.82513502689405,3.15047137740539,3.59696781423768,4.03276050797172,4.41236958608695,4.61644210553929,4.58688123852802,4.30177843102678,3.78861354979653,3.09478197061284,14.4829801171554,8.80073439290349,1,81.3231005982981,32.924698758062,33,0.82,133.023741052152,105.100615479642,100,100,100,100,100,100,100,100,100,100,100,100,100,100,99.99,99.91,99.46,97.99,94.61,88.68,80.25,70.1,59.48,49.69,42.99646329752,2516.67217441105,355.115740090147,478.130753366432,100,100,100,100,100,100,99.97,99.86,99.64,99.18,98.32,96.95,94.88,92.04,88.31,83.72,78.07,71.4,63.82,55.68,47.44,39.6,32.64,26.91,62.5575989204613,1,355.116623725909,478.130753366432,100,100,100,100,100,100,99.97,99.86,99.64,99.18,98.32,96.95,94.88,92.04,88.31,83.72,78.07,71.4,63.82,55.68,47.44,39.6,32.64,26.91,81.3198964406663,222.091999037994,798.047780273504,100,100,100,100,100,100,99.96,99.78,99.43,98.68,97.32,95.13,91.82,87.27,81.32,74.03,65.27,55.4772727272727,45.38,35.91,27.78,21.34,16.57,13.28,85.9891642640201,282.127286467395,133.102442541353,300
0.82,30,0.5,18-Apr-2022 23:11:53,sim_ss_CL_rc_03_04_2_1201.csv,Grinding_circuit_BT_2020a_03_pid_J,1200,20,2.9,1,0.5,129.482181884932,0.341,8.45433367339929,50.0058947625569,220.112188911784,129.482181884932,111759.594750816,100,60.14,44.51,39.9,30.74,27.02,21.7,18.55,15.03,12,9.7,7.62,6.03,4.66,3.69,2.87,2.24,1.73,1.34,1.04,0.81,0.62,0.48,0.38,74.5712155108128,44.1534240227616,0.239896489176883,0.249945058658734,0.287822882969169,0.604529175327673,2.3752414356902,3.05228158527858,2.15981724014055,1.6654230889627,1.55184077858997,1.55731156857035,1.69283234545398,1.88592069186061,2.11024235951562,2.36653802025846,2.64011959306096,3.0183776111076,3.39354691070662,3.72798732150473,3.91759416512072,3.90726379467754,3.67345418484056,3.23757006522239,2.64114995085415,12.198706113266,8.62977272416219,1,81.3658788746486,29.9537593560582,30,0.82,129.428399375992,103.05761296086,100,100,100,100,100,100,100,100,100,100,100,100,100,100,99.99,99.92,99.53,98.19,94.98,89.1936363636364,80.83,70.63,59.88,49.94,42.0238803839293,2464.64268174256,349.540588287776,472.976186556481,100,100,100,100,100,100,99.97,99.86,99.65,99.18,98.34,96.98,94.93,92.11,88.42,83.87,78.26,71.62,64.04,55.86,47.56,39.64,32.6,26.82,61.9742540969702,1,349.541016680512,472.976186556481,100,100,100,100,100,100,99.97,99.86,99.65,99.18,98.34,96.98,94.93,92.11,88.42,83.87,78.26,71.62,64.04,55.86,47.56,39.64,32.6,26.82,81.3636672243468,220.112188911784,786.224816935593,100,100,100,100,100,100,99.96,99.78,99.44,98.71,97.36,95.21,91.95,87.47,81.61,74.42,65.75,55.99,45.85,36.26,27.99,21.42,16.56,13.23,85.9740659916651,270.021008431069,129.482181884932,300
0.82,34,0.5,18-Apr-2022 23:11:54,sim_ss_CL_rc_03_05_2_1201.csv,Grinding_circuit_BT_2020a_03_pid_J,1200,20,2.9,1,0.5,134.344119211923,0.341,8.49101104887299,50.0096741279523,222.926973371169,134.344119211923,111759.594750816,100,60.14,44.51,39.9,30.74,27.02,21.7,18.55,15.03,12,9.7,7.62,6.03,4.66,3.69,2.87,2.24,1.73,1.34,1.04,0.81,0.62,0.48,0.38,74.5712155108128,45.8113446512658,0.302694540600746,0.315237526248107,0.363224087122843,0.762627382359581,2.99656362588149,3.85058614564918,2.72466967259102,2.1009672066693,1.95767293206769,1.96456234061095,2.13550731972126,2.37906471493266,2.66200137886119,2.98499228828149,3.32817578985456,3.79772140093131,4.25290779517077,4.6452893405775,4.85053953785498,4.81028451879039,4.50409055246366,3.96234971759405,3.23507326285618,15.2168729578745,8.85312360543564,1,81.3241183749487,33.9200723687547,34,0.82,134.26004342373,106,100,100,100,100,100,100,100,100,100,100,100,100,100,100,99.99,99.9,99.42,97.91,94.46,88.46,80,69.86,59.28,49.56,43.3296743786095,2530.76745047322,357.187016794899,480.847695021368,100,100,100,100,100,100,99.97,99.86,99.64,99.17,98.32,96.94,94.86,92,88.25,83.64,77.97,71.27,63.68,55.54,47.32,39.52,32.59,26.9,62.7724147334685,1,357.187999717408,480.847695021368,100,100,100,100,100,100,99.97,99.86,99.64,99.17,98.32,96.94,94.86,92,88.25,83.64,77.97,71.27,63.68,55.54,47.32,39.52,32.59,26.9,81.3207051549766,222.926973371169,803.651043160615,100,100,100,100,100,100,99.96,99.77,99.43,98.68,97.3,95.09,91.76,87.18,81.18,73.85,65.05,55.23,45.15,35.72,27.64,21.25,16.52,13.26,86.0183718814189,286.192622917093,134.344119211923,300
0.82,29,0.5,18-Apr-2022 23:11:55,sim_ss_CL_rc_03_06_2_1201.csv,Grinding_circuit_BT_2020a_03_pid_J,1200,20,2.9,1,0.5,128.373265760205,0.341,8.44715644864202,50.0043635658595,219.708628264374,128.373265760205,111759.594750816,100,60.14,44.51,39.9,30.74,27.02,21.7,18.55,15.03,12,9.7,7.62,6.03,4.66,3.69,2.87,2.24,1.73,1.34,1.04,0.81,0.62,0.48,0.38,74.5712155108128,43.77528362423,0.225102899319122,0.234517605234004,0.270080537242343,0.567236552102161,2.22876118198637,2.86407723563814,2.02665220246481,1.56274324131362,1.4561659051675,1.46130282408091,1.5884731159633,1.76966456776383,1.98016779673959,2.22070828646738,2.47766503593274,2.8335411222833,3.18773958492092,3.50481145371844,3.6858093313651,3.6773959463295,3.45651367357574,3.04351713508163,2.47869121337481,11.41076700444,8.56862879173749,1,81.3999163493947,28.968961533615,29,0.82,128.331785838798,102.715007102022,100,100,100,100,100,100,100,100,100,100,100,100,100,100,99.99,99.93,99.55,98.23,95.06,89.3,80.93,70.71,59.92,49.95,41.7263757023317,2444.10384697705,348.040414103172,472.976186556481,100,100,100,100,100,100,99.97,99.86,99.65,99.18,98.34,96.98,94.93,92.11,88.42,83.87,78.26,71.61,64.02,55.83,47.5,39.56,32.51,26.73,61.8159940207312,1,348.040652786907,472.976186556481,100,100,100,100,100,100,99.97,99.86,99.65,99.18,98.34,96.98,94.93,92.11,88.42,83.87,78.26,71.61,64.02,55.83,47.5,39.56,32.51,26.73,81.398202633897,219.708628264374,784.146845623084,100,100,100,100,100,100,99.96,99.78,99.44,98.71,97.37,95.22,91.97,87.5,81.66,74.49,65.83,56.06,45.9,36.27,27.97,21.37,16.5,13.17,86.0014221603159,266.016557520335,128.373265760205,300
0.82,35,0.5,18-Apr-2022 23:12:02,sim_ss_CL_rc_03_07_2_1201.csv,Grinding_circuit_BT_2020a_03_pid_J,1200,20,2.9,1,0.5,135.580112142041,0.341,8.50123813973238,50.0099958823873,223.82099307286,135.580112142041,111759.594750816,100,60.14,44.51,39.9,30.74,27.02,21.7,18.55,15.03,12,9.7,7.62,6.03,4.66,3.69,2.87,2.24,1.73,1.34,1.04,0.81,0.62,0.48,0.38,74.5712155108128,46.2328182404358,0.319283528359171,0.332513856722212,0.38313015423012,0.804421867126168,3.1607748256005,4.0615830093827,2.8739659438871,2.21608662390378,2.06493960509822,2.07220473172956,2.25251382211595,2.50941243134476,2.80784160407688,3.14841914862566,3.50974200609329,4.00246902880269,4.47662055684988,4.88063687047238,5.0852867673206,5.0322647922451,4.70304351774363,4.13133992690023,3.37009771779174,15.9368047438433,8.90292220418198,1,81.3312606343804,34.9181372792117,35,0.82,135.492259440247,107.218631682678,100,100,100,100,100,100,100,100,100,100,100,100,100,100,99.99,99.89,99.39,97.82,94.29,88.2245454545455,79.72,69.59,59.07,49.41,43.661097549803,2543.21939843168,359.313252513107,484.329550136909,100,100,100,100,100,100,99.97,99.86,99.64,99.17,98.31,96.92,94.83,91.95,88.18,83.54,77.84,71.12,63.52,55.38,47.18,39.41,32.52,26.87,62.9918672847488,1,359.314302108108,484.329550136909,100,100,100,100,100,100,99.97,99.86,99.64,99.17,98.31,96.92,94.83,91.95,88.18,83.54,77.84,71.12,63.52,55.38,47.18,39.41,32.52,26.87,81.3277032763357,223.82099307286,809.339836424213,100,100,100,100,100,100,99.96,99.77,99.42,98.66,97.28,95.06,91.69,87.08,81.04,73.65,64.8,54.96,44.89,35.5,27.48,21.14,16.45,13.22,86.0568846312112,290.27414256054,135.580112142041,300
